failed_logins,successful_logins,priv_escalations,file_access_events,kernel_alerts,auth_ratio,unique_ips,failed_per_ip,users_count,privileged_user_targeted,multiple_failed_users_flag,priv_after_failure_flag,svc_sshd,svc_sudo,svc_kernel,hour,day_of_week,is_night,is_weekend,sensitive_file_access,suspicious_command_flag,weird_behavior_flag,failed_to_success_sequence,ip_entropy,label
35,0,0,5,0,1.0,28,1.25,13,1,1,0,1,0,0,13,2,0,0,0,1,1,0,0.7778,ATTACK
0,3,0,1,0,0.0,3,0.0,1,0,0,0,1,0,0,22,2,1,0,0,0,0,0,3.0,NORMAL
0,1,0,1,0,0.0,1,0.0,1,0,0,0,1,0,0,11,3,0,0,1,0,0,0,1.0,NORMAL
4,1,0,1,0,0.8,4,1.0,1,0,0,0,1,0,0,0,1,1,0,0,0,0,1,0.8,NORMAL
26,1,0,4,1,0.9629629629629629,35,0.7428571428571429,9,1,1,0,1,0,0,12,3,0,0,0,1,1,1,1.2963,ATTACK
72,1,0,3,0,0.9863013698630136,2,36.0,2,1,1,0,1,0,0,16,6,0,1,1,0,1,1,0.0274,ATTACK
0,2,0,2,0,0.0,2,0.0,2,0,1,0,1,0,0,16,1,0,0,0,0,1,0,2.0,NORMAL
1,3,0,0,0,0.25,3,0.3333333333333333,1,0,0,0,1,1,0,10,0,0,0,0,0,0,1,1.5,NORMAL
2,1,0,0,0,0.6666666666666666,3,0.6666666666666666,2,0,1,0,1,0,0,15,2,0,0,0,0,0,1,1.0,NORMAL
2,2,0,2,0,0.5,2,1.0,1,1,0,0,1,0,0,12,1,0,0,0,0,0,1,0.6667,NORMAL
1,2,0,0,0,0.3333333333333333,3,0.3333333333333333,1,0,0,0,1,0,0,15,2,0,0,0,0,0,1,1.5,NORMAL
1,3,0,1,0,0.25,2,0.5,1,0,0,0,1,0,0,17,2,0,0,0,0,0,1,1.0,NORMAL
2,2,0,2,0,0.5,2,1.0,2,0,1,0,1,0,0,13,0,0,1,0,1,0,1,0.6667,NORMAL
2,3,0,2,0,0.4,2,1.0,1,0,0,0,1,0,0,21,1,0,0,0,0,0,1,0.6667,NORMAL
17,0,0,5,1,1.0,14,1.2142857142857142,7,1,1,0,1,0,0,9,1,0,1,1,1,1,0,0.7778,ATTACK
1,2,0,2,0,0.3333333333333333,3,0.3333333333333333,2,0,1,0,1,0,0,11,4,0,0,0,0,1,1,1.5,NORMAL
2,3,0,1,0,0.4,2,1.0,2,0,1,0,1,1,0,19,4,0,0,0,0,1,1,0.6667,NORMAL
1,3,0,0,0,0.25,1,1.0,1,0,0,0,1,1,0,16,0,0,0,0,0,0,1,0.5,NORMAL
1,1,0,1,0,0.5,1,1.0,2,1,1,0,1,0,0,10,1,0,0,1,0,0,1,0.5,NORMAL
0,2,2,2,1,0.0,2,0.0,1,0,0,0,1,1,0,20,2,0,1,1,1,1,0,2.0,ATTACK
56,0,0,3,1,1.0,1,56.0,1,1,0,0,1,0,0,13,0,0,1,0,1,1,0,0.0175,ATTACK
2,1,0,1,0,0.6666666666666666,3,0.6666666666666666,2,0,1,0,1,0,0,14,3,0,0,0,0,0,1,1.0,NORMAL
1,1,0,2,0,0.5,2,0.5,2,0,1,0,1,0,0,10,1,0,0,0,0,1,1,1.0,NORMAL
0,1,0,2,0,0.0,2,0.0,2,0,1,0,1,0,0,5,4,1,0,1,0,0,0,2.0,NORMAL
27,1,0,3,1,0.9642857142857143,19,1.4210526315789473,18,1,1,0,1,0,0,19,4,0,0,1,1,1,1,0.6786,ATTACK
2,1,0,1,0,0.6666666666666666,1,2.0,1,0,0,0,1,0,0,3,4,1,0,0,0,0,1,0.3333,NORMAL
0,2,0,0,0,0.0,2,0.0,2,0,1,0,1,0,0,14,3,0,0,0,1,0,0,2.0,NORMAL
1,3,0,0,0,0.25,3,0.3333333333333333,2,0,1,0,1,0,0,21,0,0,0,1,0,0,1,1.5,NORMAL
0,1,0,2,0,0.0,1,0.0,1,0,0,0,1,0,0,11,0,0,1,0,0,0,0,1.0,NORMAL
0,2,0,2,0,0.0,1,0.0,1,0,0,0,1,0,0,10,2,0,0,0,1,0,0,1.0,NORMAL
2,2,0,0,0,0.5,3,0.6666666666666666,1,0,0,0,1,0,0,17,4,0,0,0,0,0,1,1.0,NORMAL
1,1,0,1,0,0.5,3,0.3333333333333333,1,0,0,0,1,0,0,10,2,0,0,0,0,0,1,1.5,NORMAL
2,1,0,2,0,0.6666666666666666,1,2.0,2,0,1,0,1,0,0,20,4,0,0,0,0,0,1,0.3333,NORMAL
46,1,0,3,0,0.9787234042553191,2,23.0,2,0,1,0,1,0,0,13,3,0,0,0,0,1,1,0.0426,ATTACK
2,1,0,0,0,0.6666666666666666,3,0.6666666666666666,2,0,1,0,1,1,0,17,0,0,0,0,0,1,1,1.0,NORMAL
4,2,0,0,0,0.6666666666666666,4,1.0,1,0,0,0,1,0,0,17,3,0,0,0,0,0,1,0.8,NORMAL
2,3,0,1,0,0.4,3,0.6666666666666666,1,0,0,0,1,0,0,3,3,1,0,1,0,0,1,1.0,NORMAL
1,2,0,1,0,0.3333333333333333,1,1.0,1,0,0,0,1,0,0,11,4,0,0,0,0,0,1,0.5,NORMAL
0,3,0,1,0,0.0,1,0.0,1,0,0,0,1,0,0,8,1,0,0,0,1,0,0,1.0,NORMAL
27,0,0,3,0,1.0,22,1.2272727272727273,15,1,1,0,1,0,0,21,3,0,1,1,1,1,0,0.7857,ATTACK
0,3,1,2,0,0.0,1,0.0,1,1,0,0,1,1,0,9,3,0,0,0,0,0,0,1.0,NORMAL
0,3,0,1,0,0.0,1,0.0,1,0,0,0,1,0,0,10,0,0,0,1,0,0,0,1.0,NORMAL
2,3,0,0,0,0.4,3,0.6666666666666666,1,0,0,0,1,0,0,9,3,0,0,0,0,0,1,1.0,NORMAL
1,3,0,0,0,0.25,3,0.3333333333333333,2,0,1,0,1,0,0,10,4,0,0,0,0,0,1,1.5,NORMAL
50,1,0,5,1,0.9803921568627451,1,50.0,1,1,0,0,1,0,0,19,1,0,1,1,1,1,1,0.0196,ATTACK
1,3,0,1,0,0.25,1,1.0,2,0,1,0,1,0,0,16,4,0,1,0,0,0,1,0.5,NORMAL
5,3,1,1,0,0.625,2,2.5,2,0,1,1,1,1,0,12,1,0,0,0,0,0,1,0.3333,NORMAL
2,2,0,0,0,0.5,2,1.0,2,0,1,0,1,0,0,15,2,0,0,0,0,0,1,0.6667,NORMAL
2,2,0,2,0,0.5,3,0.6666666666666666,2,0,1,0,1,0,0,6,1,0,0,0,0,0,1,1.0,NORMAL
70,1,0,3,0,0.9859154929577465,1,70.0,2,1,1,0,1,0,0,16,0,0,0,1,1,1,1,0.0141,ATTACK
1,1,0,2,0,0.5,1,1.0,2,0,1,0,1,0,0,18,4,0,0,0,0,0,1,0.5,NORMAL
1,2,0,1,0,0.3333333333333333,2,0.5,1,0,0,0,1,1,0,15,4,0,0,0,0,0,1,1.0,NORMAL
2,2,0,1,0,0.5,2,1.0,1,0,0,0,1,1,0,13,3,0,0,0,0,0,1,0.6667,NORMAL
1,3,0,1,0,0.25,2,0.5,1,0,0,0,1,0,0,12,2,0,1,0,0,0,1,1.0,NORMAL
1,3,0,2,0,0.25,3,0.3333333333333333,2,0,1,0,1,1,0,19,0,0,0,0,0,0,1,1.5,NORMAL
2,1,0,2,0,0.6666666666666666,1,2.0,2,1,1,0,1,0,0,15,2,0,0,0,0,0,1,0.3333,NORMAL
2,3,0,0,0,0.4,3,0.6666666666666666,1,0,0,0,1,0,0,14,2,0,0,0,0,0,1,1.0,NORMAL
1,2,1,0,0,0.3333333333333333,2,0.5,2,0,1,1,1,0,0,10,3,0,0,1,0,1,1,1.0,NORMAL
2,3,0,0,0,0.4,1,2.0,1,0,0,0,1,1,0,14,2,0,0,0,0,0,1,0.3333,NORMAL
0,3,0,1,0,0.0,1,0.0,1,0,0,0,1,0,0,13,4,0,0,1,1,0,0,1.0,NORMAL
34,0,0,4,0,1.0,27,1.2592592592592593,9,1,1,0,1,0,0,22,4,1,1,1,1,1,0,0.7714,ATTACK
2,1,1,2,0,0.6666666666666666,2,1.0,1,0,0,1,1,0,0,10,3,0,0,0,0,1,1,0.6667,NORMAL
2,3,0,1,0,0.4,2,1.0,1,0,0,0,1,0,0,14,3,0,0,0,1,0,1,0.6667,NORMAL
1,1,1,4,0,0.5,2,0.5,1,1,0,1,1,1,0,19,0,0,0,1,0,0,1,1.0,ATTACK
0,3,0,1,0,0.0,3,0.0,1,0,0,0,1,0,0,11,3,0,0,0,0,0,0,3.0,NORMAL
4,2,1,1,0,0.6666666666666666,5,0.8,1,0,0,1,1,1,0,8,3,0,0,0,0,0,1,1.0,NORMAL
1,1,1,3,0,0.5,1,1.0,1,1,0,1,1,1,0,20,4,0,0,1,0,0,1,0.5,ATTACK
3,2,1,4,0,0.6,2,1.5,1,1,0,1,1,1,0,10,0,0,1,0,1,0,1,0.5,ATTACK
5,2,0,1,0,0.7142857142857143,2,2.5,2,0,1,0,1,0,0,9,3,0,0,0,0,1,1,0.3333,NORMAL
0,3,0,0,0,0.0,2,0.0,2,0,1,0,1,0,0,6,3,0,0,0,0,0,0,2.0,NORMAL
67,1,0,5,0,0.9852941176470589,1,67.0,2,1,1,0,1,0,0,21,2,0,0,1,0,1,1,0.0147,ATTACK
1,3,0,2,0,0.25,2,0.5,2,0,1,0,1,1,0,12,3,0,1,0,0,0,1,1.0,NORMAL
3,1,0,0,0,0.75,3,1.0,2,0,1,0,1,0,0,17,0,0,0,0,0,0,1,0.75,NORMAL
46,0,0,3,1,1.0,1,46.0,1,1,0,0,1,0,0,12,0,0,0,0,0,1,0,0.0213,ATTACK
1,1,0,0,0,0.5,1,1.0,2,0,1,0,1,0,0,18,0,0,0,0,0,1,1,0.5,NORMAL
24,0,0,4,0,1.0,19,1.263157894736842,5,1,1,0,1,0,0,13,3,0,0,1,0,1,0,0.76,ATTACK
39,0,0,3,0,1.0,2,19.5,2,1,1,0,1,0,0,10,5,0,1,0,1,1,0,0.05,ATTACK
2,2,0,1,0,0.5,3,0.6666666666666666,2,0,1,0,1,0,0,15,0,0,0,0,0,1,1,1.0,NORMAL
2,1,1,2,0,0.6666666666666666,3,0.6666666666666666,2,0,1,1,1,0,0,22,2,1,0,0,0,1,1,1.0,NORMAL
2,3,0,2,0,0.4,3,0.6666666666666666,1,0,0,0,1,0,0,19,4,0,0,0,0,0,1,1.0,NORMAL
1,1,0,1,0,0.5,2,0.5,2,0,1,0,1,0,0,12,2,0,1,0,0,0,1,1.0,NORMAL
1,1,0,2,0,0.5,1,1.0,1,0,0,0,1,0,0,12,4,0,0,0,0,0,1,0.5,NORMAL
1,2,0,1,0,0.3333333333333333,2,0.5,2,0,1,0,1,1,0,16,3,0,1,0,0,1,1,1.0,NORMAL
3,3,0,0,0,0.5,3,1.0,2,1,1,0,1,0,0,11,3,0,0,0,1,1,1,0.75,NORMAL
0,1,2,5,0,0.0,1,0.0,1,1,0,0,1,1,0,2,5,1,0,0,1,1,0,1.0,ATTACK
2,2,0,1,0,0.5,1,2.0,2,0,1,0,1,0,0,12,2,0,0,0,0,1,1,0.3333,NORMAL
1,3,0,1,0,0.25,3,0.3333333333333333,2,0,1,0,1,0,0,3,4,1,0,0,0,0,1,1.5,NORMAL
16,1,0,2,0,0.9411764705882353,19,0.8421052631578947,9,1,1,0,1,0,0,3,5,1,0,1,1,1,1,1.1176,ATTACK
2,2,0,1,0,0.5,2,1.0,1,0,0,0,1,0,0,9,1,0,0,0,1,1,1,0.6667,NORMAL
2,2,1,2,0,0.5,1,2.0,1,1,0,1,1,1,0,0,0,1,0,1,0,1,1,0.3333,ATTACK
1,3,0,2,0,0.25,2,0.5,1,0,0,0,1,0,0,16,2,0,0,1,1,0,1,1.0,NORMAL
2,1,0,0,0,0.6666666666666666,3,0.6666666666666666,1,0,0,0,1,0,0,10,1,0,0,0,0,0,1,1.0,NORMAL
0,2,0,2,0,0.0,1,0.0,1,0,0,0,1,0,0,16,3,0,1,0,1,0,0,1.0,NORMAL
3,3,0,1,0,0.5,4,0.75,1,0,0,0,1,1,0,13,0,0,0,0,0,0,1,1.0,NORMAL
1,1,0,0,0,0.5,2,0.5,1,0,0,0,1,0,0,9,0,0,0,0,0,0,1,1.0,NORMAL
2,1,0,2,0,0.6666666666666666,2,1.0,1,0,0,0,1,0,0,14,4,0,0,0,0,0,1,0.6667,NORMAL
30,0,0,3,0,1.0,22,1.3636363636363635,17,1,1,0,1,0,0,14,5,0,0,1,0,1,0,0.7097,ATTACK
1,1,1,0,0,0.5,1,1.0,2,0,1,1,1,1,0,16,4,0,0,0,0,0,1,0.5,NORMAL
1,3,0,2,0,0.25,2,0.5,1,0,0,0,1,1,0,20,3,0,0,0,1,0,1,1.0,NORMAL
0,1,1,1,0,0.0,1,0.0,1,0,0,0,1,1,0,18,1,0,0,0,1,0,0,1.0,NORMAL
2,3,0,0,0,0.4,2,1.0,1,1,0,0,1,0,0,9,4,0,0,0,0,0,1,0.6667,NORMAL
1,2,0,2,0,0.3333333333333333,1,1.0,1,0,0,0,1,0,0,16,2,0,0,1,0,0,1,0.5,NORMAL
0,3,0,0,0,0.0,3,0.0,2,0,1,0,1,0,0,21,4,0,0,1,1,0,0,3.0,NORMAL
39,1,0,4,0,0.975,16,2.4375,18,1,1,0,1,0,0,9,2,0,0,1,0,1,1,0.4,ATTACK
0,2,0,0,0,0.0,3,0.0,2,0,1,0,1,0,0,16,2,0,0,0,1,1,0,3.0,NORMAL
1,1,0,0,0,0.5,2,0.5,1,0,0,0,1,1,0,22,4,1,0,0,0,0,1,1.0,NORMAL
0,2,0,0,0,0.0,3,0.0,1,0,0,0,1,0,0,6,0,0,0,0,0,0,0,3.0,NORMAL
1,1,0,2,0,0.5,1,1.0,2,0,1,0,1,1,0,8,4,0,0,0,0,0,1,0.5,NORMAL
1,2,0,2,0,0.3333333333333333,3,0.3333333333333333,1,0,0,0,1,0,0,19,2,0,0,0,1,0,1,1.5,NORMAL
2,3,0,0,0,0.4,3,0.6666666666666666,1,0,0,0,1,0,0,9,4,0,1,0,0,1,1,1.0,NORMAL
2,1,1,2,0,0.6666666666666666,3,0.6666666666666666,2,0,1,1,1,0,0,17,2,0,0,0,0,0,1,1.0,NORMAL
1,2,0,2,0,0.3333333333333333,3,0.3333333333333333,1,0,0,0,1,0,0,11,2,0,0,0,0,0,1,1.5,NORMAL
1,2,1,2,0,0.3333333333333333,3,0.3333333333333333,1,0,0,1,1,0,0,9,4,0,1,0,0,0,1,1.5,NORMAL
0,2,0,0,0,0.0,3,0.0,2,0,1,0,1,0,0,13,2,0,0,0,0,0,0,3.0,NORMAL
25,1,0,2,0,0.9615384615384616,27,0.9259259259259259,10,1,1,0,1,0,0,8,0,0,0,1,1,1,1,1.0385,ATTACK
0,3,0,0,0,0.0,3,0.0,1,0,0,0,1,0,0,14,2,0,0,0,1,0,0,3.0,NORMAL
1,3,0,0,0,0.25,2,0.5,2,0,1,0,1,1,0,18,4,0,0,1,0,0,1,1.0,NORMAL
1,2,2,4,1,0.3333333333333333,2,0.5,1,1,0,1,1,1,0,13,4,0,1,1,1,0,1,1.0,ATTACK
0,3,0,2,0,0.0,2,0.0,1,0,0,0,1,0,0,12,2,0,0,0,0,0,0,2.0,NORMAL
6,2,0,0,0,0.75,5,1.2,1,0,0,0,1,0,0,5,3,1,0,0,0,0,1,0.7143,NORMAL
1,2,0,0,0,0.3333333333333333,1,1.0,2,0,1,0,1,0,0,13,4,0,0,0,0,1,1,0.5,NORMAL
0,1,0,2,0,0.0,2,0.0,2,0,1,0,1,0,0,7,4,0,0,0,0,1,0,2.0,NORMAL
2,1,1,1,0,0.6666666666666666,3,0.6666666666666666,1,0,0,1,1,0,0,8,0,0,1,0,0,0,1,1.0,NORMAL
0,3,0,2,0,0.0,3,0.0,2,0,1,0,1,0,0,9,1,0,0,0,0,0,0,3.0,NORMAL
2,2,0,0,0,0.5,3,0.6666666666666666,2,0,1,0,1,0,0,22,4,1,0,0,1,0,1,1.0,NORMAL
1,3,0,2,0,0.25,3,0.3333333333333333,2,0,1,0,1,1,0,14,4,0,0,0,0,1,1,1.5,NORMAL
26,1,0,5,0,0.9629629629629629,18,1.4444444444444444,13,0,1,0,1,0,0,21,2,0,1,0,1,1,1,0.6667,ATTACK
2,1,0,2,0,0.6666666666666666,3,0.6666666666666666,2,0,1,0,1,0,0,16,3,0,0,0,0,1,1,1.0,NORMAL
1,2,0,2,0,0.3333333333333333,2,0.5,2,0,1,0,1,1,0,15,1,0,0,0,0,0,1,1.0,NORMAL
62,0,0,3,0,1.0,1,62.0,2,1,1,0,1,0,0,7,6,0,1,0,0,1,0,0.0159,ATTACK
0,1,0,0,0,0.0,2,0.0,1,0,0,0,1,0,0,16,0,0,1,0,0,0,0,2.0,NORMAL
2,1,0,0,0,0.6666666666666666,1,2.0,1,0,0,0,1,1,0,11,4,0,0,0,0,0,1,0.3333,NORMAL
0,2,1,1,0,0.0,1,0.0,2,0,1,0,1,1,0,17,2,0,0,0,0,0,0,1.0,NORMAL
0,1,0,1,0,0.0,2,0.0,2,0,1,0,1,1,0,18,3,0,0,0,0,1,0,2.0,NORMAL
1,1,0,0,0,0.5,2,0.5,1,0,0,0,1,0,0,11,3,0,0,0,0,0,1,1.0,NORMAL
2,1,0,2,0,0.6666666666666666,2,1.0,2,0,1,0,1,1,0,16,2,0,0,1,0,0,1,0.6667,NORMAL
1,3,0,1,0,0.25,1,1.0,2,0,1,0,1,0,0,17,0,0,0,0,0,1,1,0.5,NORMAL
1,2,0,0,0,0.3333333333333333,3,0.3333333333333333,1,0,0,0,1,0,0,8,4,0,0,0,0,0,1,1.5,NORMAL
2,2,0,1,0,0.5,3,0.6666666666666666,2,0,1,0,1,0,0,17,1,0,0,0,0,0,1,1.0,NORMAL
4,3,0,2,0,0.5714285714285714,3,1.3333333333333333,1,0,0,0,1,0,0,19,2,0,0,0,0,0,1,0.6,NORMAL
2,1,1,2,0,0.6666666666666666,2,1.0,2,0,1,1,1,0,0,2,1,1,0,0,0,1,1,0.6667,NORMAL
1,2,0,2,0,0.3333333333333333,2,0.5,2,0,1,0,1,0,0,17,2,0,0,0,0,0,1,1.0,NORMAL
1,1,0,2,0,0.5,3,0.3333333333333333,2,0,1,0,1,0,0,14,1,0,0,0,1,0,1,1.5,NORMAL
1,1,2,5,0,0.5,2,0.5,1,1,0,1,1,1,0,15,6,0,0,0,1,1,1,1.0,ATTACK
0,2,0,0,0,0.0,3,0.0,2,0,1,0,1,0,0,2,3,1,0,0,0,0,0,3.0,NORMAL
2,3,0,2,0,0.4,3,0.6666666666666666,1,0,0,0,1,0,0,23,3,1,0,0,0,0,1,1.0,NORMAL
1,3,0,2,0,0.25,2,0.5,1,1,0,0,1,0,0,18,0,0,0,0,1,0,1,1.0,NORMAL
0,1,0,1,0,0.0,3,0.0,1,0,0,0,1,0,0,7,2,0,0,0,0,0,0,3.0,NORMAL
1,2,0,2,0,0.3333333333333333,3,0.3333333333333333,1,0,0,0,1,0,0,18,0,0,0,0,0,0,1,1.5,NORMAL
0,1,0,0,0,0.0,2,0.0,1,1,0,0,1,0,0,15,2,0,0,0,0,0,0,2.0,NORMAL
2,3,0,2,0,0.4,1,2.0,2,0,1,0,1,0,0,8,0,0,0,1,1,0,1,0.3333,NORMAL
1,3,0,2,0,0.25,3,0.3333333333333333,2,0,1,0,1,1,0,18,2,0,0,0,0,0,1,1.5,NORMAL
2,2,0,2,0,0.5,1,2.0,1,0,0,0,1,1,0,7,2,0,0,0,0,0,1,0.3333,NORMAL
3,2,1,3,0,0.6,1,3.0,1,1,0,1,1,1,0,11,4,0,1,0,1,0,1,0.25,ATTACK
1,2,0,0,0,0.3333333333333333,3,0.3333333333333333,1,0,0,0,1,0,0,11,2,0,1,0,0,0,1,1.5,NORMAL
77,0,0,4,0,1.0,2,38.5,2,1,1,0,1,0,0,3,4,1,1,1,0,1,0,0.0256,ATTACK
2,1,0,2,0,0.6666666666666666,1,2.0,1,0,0,0,1,0,0,11,4,0,0,0,1,0,1,0.3333,NORMAL
1,2,0,0,0,0.3333333333333333,3,0.3333333333333333,2,0,1,0,1,1,0,16,0,0,0,0,0,0,1,1.5,NORMAL
1,2,0,2,0,0.3333333333333333,1,1.0,1,0,0,0,1,0,0,4,3,1,0,0,0,0,1,0.5,NORMAL
2,2,0,0,0,0.5,1,2.0,2,0,1,0,1,1,0,12,4,0,1,0,0,0,1,0.3333,NORMAL
0,2,0,1,0,0.0,3,0.0,1,0,0,0,1,0,0,6,4,0,0,1,0,0,0,3.0,NORMAL
1,2,2,2,0,0.3333333333333333,1,1.0,1,1,0,1,1,1,0,12,6,0,1,1,1,0,1,0.5,ATTACK
1,1,1,0,0,0.5,2,0.5,2,0,1,1,1,1,0,13,1,0,0,0,0,0,1,1.0,NORMAL
1,3,0,0,0,0.25,3,0.3333333333333333,2,0,1,0,1,0,0,21,3,0,0,0,0,0,1,1.5,NORMAL
2,1,0,0,0,0.6666666666666666,3,0.6666666666666666,2,0,1,0,1,0,0,15,0,0,0,0,0,0,1,1.0,NORMAL
0,2,0,1,0,0.0,3,0.0,1,0,0,0,1,0,0,15,1,0,0,0,0,0,0,3.0,NORMAL
2,1,0,1,0,0.6666666666666666,3,0.6666666666666666,1,0,0,0,1,1,0,17,2,0,0,0,0,1,1,1.0,NORMAL
2,1,0,1,0,0.6666666666666666,2,1.0,1,0,0,0,1,0,0,13,1,0,0,0,0,0,1,0.6667,NORMAL
0,3,0,2,0,0.0,3,0.0,2,0,1,0,1,1,0,10,4,0,0,0,0,0,0,3.0,NORMAL
0,3,0,1,0,0.0,3,0.0,2,0,1,0,1,0,0,21,2,0,0,0,0,0,0,3.0,NORMAL
0,3,0,0,0,0.0,3,0.0,1,0,0,0,1,0,0,8,2,0,0,1,0,0,0,3.0,NORMAL
2,1,0,1,0,0.6666666666666666,2,1.0,2,0,1,0,1,1,0,14,0,0,0,0,0,0,1,0.6667,NORMAL
2,2,0,2,0,0.5,4,0.5,1,0,0,0,1,0,0,17,3,0,0,0,0,0,1,1.3333,NORMAL
0,2,0,0,0,0.0,3,0.0,1,0,0,0,1,0,0,17,3,0,0,0,0,0,0,3.0,NORMAL
2,2,0,2,0,0.5,3,0.6666666666666666,2,0,1,0,1,0,0,9,2,0,1,0,0,0,1,1.0,NORMAL
4,2,0,2,0,0.6666666666666666,3,1.3333333333333333,2,0,1,0,1,0,0,7,3,0,0,0,0,1,1,0.6,NORMAL
27,1,0,3,0,0.9642857142857143,2,13.5,1,1,0,0,1,0,0,10,0,0,0,1,1,1,1,0.0714,ATTACK
0,2,0,0,0,0.0,2,0.0,2,0,1,0,1,0,0,0,0,1,0,0,1,0,0,2.0,NORMAL
4,1,0,0,0,0.8,2,2.0,1,0,0,0,1,0,0,17,3,0,0,0,0,0,1,0.4,NORMAL
2,1,0,1,0,0.6666666666666666,1,2.0,2,0,1,0,1,0,0,22,1,1,0,0,0,0,1,0.3333,NORMAL
2,1,0,0,0,0.6666666666666666,3,0.6666666666666666,2,0,1,0,1,0,0,15,1,0,0,1,0,0,1,1.0,NORMAL
2,1,0,1,0,0.6666666666666666,3,0.6666666666666666,1,0,0,0,1,0,0,10,2,0,0,0,0,0,1,1.0,NORMAL
0,3,0,0,0,0.0,2,0.0,2,0,1,0,1,0,0,19,3,0,0,0,0,0,0,2.0,NORMAL
15,1,0,4,1,0.9375,35,0.42857142857142855,6,0,1,0,1,0,0,6,5,0,0,1,0,1,1,2.1875,ATTACK
1,2,0,2,0,0.3333333333333333,3,0.3333333333333333,1,0,0,0,1,0,0,19,4,0,0,0,0,0,1,1.5,NORMAL
38,1,0,5,1,0.9743589743589743,1,38.0,2,1,1,0,1,0,0,11,4,0,0,0,1,1,1,0.0256,ATTACK
1,1,0,2,0,0.5,1,1.0,1,0,0,0,1,0,0,22,3,1,0,0,0,0,1,0.5,NORMAL
2,3,0,1,0,0.4,1,2.0,1,0,0,0,1,0,0,16,1,0,0,0,0,0,1,0.3333,NORMAL
0,3,0,0,0,0.0,3,0.0,2,0,1,0,1,0,0,6,0,0,0,1,0,0,0,3.0,NORMAL
32,0,0,2,1,1.0,20,1.6,18,1,1,0,1,0,0,6,6,0,0,0,1,1,0,0.6061,ATTACK
1,2,1,4,1,0.3333333333333333,1,1.0,1,1,0,1,1,1,0,20,0,0,1,1,1,1,1,0.5,ATTACK
0,3,0,1,0,0.0,1,0.0,1,0,0,0,1,0,0,14,2,0,0,0,0,0,0,1.0,NORMAL
2,2,0,2,0,0.5,2,1.0,1,0,0,0,1,0,0,12,4,0,0,0,0,1,1,0.6667,NORMAL
0,1,2,2,0,0.0,2,0.0,1,1,0,0,1,1,0,1,0,1,1,0,0,1,0,2.0,ATTACK
1,3,0,2,0,0.25,2,0.5,1,0,0,0,1,0,0,18,2,0,0,1,1,0,1,1.0,NORMAL
2,3,0,2,0,0.4,2,1.0,2,0,1,0,1,0,0,1,1,1,0,0,0,0,1,0.6667,NORMAL
42,1,0,3,0,0.9767441860465116,2,21.0,1,1,0,0,1,0,0,20,3,0,1,1,1,1,1,0.0465,ATTACK
35,0,0,5,0,1.0,2,17.5,2,0,1,0,1,0,0,16,4,0,1,0,1,1,0,0.0556,ATTACK
2,1,0,2,0,0.6666666666666666,2,1.0,2,0,1,0,1,0,0,8,1,0,0,0,1,0,1,0.6667,NORMAL
1,2,0,1,0,0.3333333333333333,3,0.3333333333333333,1,0,0,0,1,0,0,10,1,0,0,0,0,0,1,1.5,NORMAL
1,2,0,1,0,0.3333333333333333,2,0.5,2,0,1,0,1,0,0,15,1,0,0,0,0,0,1,1.0,NORMAL
1,1,1,2,0,0.5,1,1.0,2,0,1,1,1,0,0,15,0,0,0,0,0,0,1,0.5,NORMAL
3,1,0,0,0,0.75,2,1.5,1,0,0,0,1,0,0,3,0,1,0,1,0,1,1,0.5,NORMAL
1,2,0,1,0,0.3333333333333333,3,0.3333333333333333,2,0,1,0,1,0,0,11,3,0,0,0,0,0,1,1.5,NORMAL
2,3,0,1,0,0.4,1,2.0,1,0,0,0,1,1,0,11,0,0,0,0,0,0,1,0.3333,NORMAL
0,2,0,0,0,0.0,3,0.0,2,0,1,0,1,0,0,14,1,0,0,0,1,0,0,3.0,NORMAL
67,1,0,2,0,0.9852941176470589,1,67.0,2,0,1,0,1,0,0,4,4,1,0,0,1,1,1,0.0147,ATTACK
0,2,1,0,0,0.0,3,0.0,1,0,0,0,1,0,0,17,2,0,0,0,0,1,0,3.0,NORMAL
2,3,0,1,0,0.4,2,1.0,1,0,0,0,1,0,0,6,3,0,0,1,0,0,1,0.6667,NORMAL
2,3,0,0,0,0.4,3,0.6666666666666666,2,1,1,0,1,0,0,12,3,0,0,1,0,0,1,1.0,NORMAL
0,3,0,1,0,0.0,2,0.0,1,0,0,0,1,0,0,17,4,0,0,0,0,0,0,2.0,NORMAL
22,0,0,4,0,1.0,24,0.9166666666666666,19,1,1,0,1,0,0,20,5,0,1,1,1,1,0,1.0435,ATTACK
0,1,0,2,0,0.0,2,0.0,1,0,0,0,1,0,0,20,3,0,0,0,0,0,0,2.0,NORMAL
0,1,0,2,0,0.0,3,0.0,1,0,0,0,1,0,0,18,2,0,0,0,0,0,0,3.0,NORMAL
2,1,0,0,0,0.6666666666666666,1,2.0,2,0,1,0,1,0,0,11,3,0,0,0,1,0,1,0.3333,NORMAL
0,1,1,0,0,0.0,3,0.0,1,0,0,0,1,0,0,14,1,0,0,0,1,1,0,3.0,NORMAL
1,2,0,1,0,0.3333333333333333,2,0.5,2,0,1,0,1,0,0,19,2,0,0,0,0,0,1,1.0,NORMAL
2,1,2,5,0,0.6666666666666666,2,1.0,1,1,0,1,1,1,0,23,2,1,0,1,0,1,1,0.6667,ATTACK
0,2,0,1,0,0.0,3,0.0,1,1,0,0,1,0,0,9,3,0,0,0,0,0,0,3.0,NORMAL
2,2,1,1,0,0.5,1,2.0,2,0,1,1,1,1,0,13,0,0,0,0,0,0,1,0.3333,NORMAL
34,1,0,5,0,0.9714285714285714,27,1.2592592592592593,5,1,1,0,1,0,0,21,3,0,0,1,1,1,1,0.7714,ATTACK
0,2,0,0,0,0.0,3,0.0,1,0,0,0,1,0,0,17,3,0,1,0,0,0,0,3.0,NORMAL
2,2,0,0,0,0.5,3,0.6666666666666666,2,0,1,0,1,0,0,11,3,0,1,0,1,0,1,1.0,NORMAL
4,1,0,1,0,0.8,3,1.3333333333333333,2,0,1,0,1,1,0,15,2,0,0,0,0,0,1,0.6,NORMAL
37,1,0,3,0,0.9736842105263158,2,18.5,1,1,0,0,1,0,0,7,4,0,0,1,1,1,1,0.0526,ATTACK
1,1,0,2,0,0.5,3,0.3333333333333333,2,0,1,0,1,0,0,14,3,0,0,1,0,0,1,1.5,NORMAL
0,3,0,0,0,0.0,1,0.0,1,0,0,0,1,0,0,18,1,0,0,0,0,1,0,1.0,NORMAL
1,2,0,1,0,0.3333333333333333,1,1.0,1,1,0,0,1,0,0,9,3,0,0,0,0,1,1,0.5,NORMAL
0,1,0,2,0,0.0,3,0.0,2,0,1,0,1,0,0,15,0,0,0,0,0,0,0,3.0,NORMAL
36,0,0,4,1,1.0,24,1.5,6,1,1,0,1,0,0,11,2,0,1,1,1,1,0,0.6486,ATTACK
5,1,0,2,0,0.8333333333333334,3,1.6666666666666667,1,0,0,0,1,0,0,16,1,0,0,0,0,0,1,0.5,NORMAL
28,0,0,3,0,1.0,1,28.0,1,1,0,0,1,0,0,13,6,0,0,1,1,1,0,0.0345,ATTACK
2,2,2,3,0,0.5,2,1.0,1,1,0,1,1,1,0,11,0,0,1,1,1,0,1,0.6667,ATTACK
0,1,0,1,0,0.0,3,0.0,1,0,0,0,1,0,0,16,3,0,0,0,0,1,0,3.0,NORMAL
2,2,0,2,0,0.5,3,0.6666666666666666,1,0,0,0,1,1,0,19,3,0,1,0,0,0,1,1.0,NORMAL
2,1,0,1,0,0.6666666666666666,2,1.0,2,0,1,0,1,0,0,12,1,0,0,0,0,0,1,0.6667,NORMAL
0,2,0,1,0,0.0,3,0.0,2,0,1,0,1,0,0,23,3,1,0,0,1,1,0,3.0,NORMAL
34,0,0,3,0,1.0,36,0.9444444444444444,10,1,1,0,1,0,0,3,5,1,0,1,1,1,0,1.0286,ATTACK
1,3,0,0,0,0.25,2,0.5,1,0,0,0,1,0,0,2,0,1,0,0,0,0,1,1.0,NORMAL
36,0,0,5,0,1.0,29,1.2413793103448276,17,0,1,0,1,0,0,3,1,1,0,1,0,1,0,0.7838,ATTACK
3,2,1,5,1,0.6,1,3.0,1,0,0,1,1,1,0,10,0,0,1,0,1,0,1,0.25,ATTACK
1,3,0,1,0,0.25,3,0.3333333333333333,2,0,1,0,1,0,0,10,1,0,0,0,0,1,1,1.5,NORMAL
2,2,2,5,0,0.5,2,1.0,1,1,0,1,1,1,0,15,1,0,0,1,1,0,1,0.6667,ATTACK
36,0,0,3,0,1.0,29,1.2413793103448276,14,1,1,0,1,0,0,8,4,0,0,0,1,1,0,0.7838,ATTACK
26,0,0,4,0,1.0,22,1.1818181818181819,12,1,1,0,1,0,0,19,5,0,0,1,1,1,0,0.8148,ATTACK
4,2,0,2,0,0.6666666666666666,5,0.8,1,0,0,0,1,1,0,3,0,1,0,0,0,0,1,1.0,NORMAL
0,1,0,1,0,0.0,3,0.0,1,0,0,0,1,1,0,15,1,0,0,0,1,0,0,3.0,NORMAL
2,3,0,0,0,0.4,1,2.0,2,0,1,0,1,0,0,6,0,0,0,0,1,0,1,0.3333,NORMAL
0,2,0,1,0,0.0,3,0.0,1,0,0,0,1,0,0,16,2,0,0,0,1,1,0,3.0,NORMAL
4,3,0,1,0,0.5714285714285714,4,1.0,1,0,0,0,1,1,0,18,2,0,0,0,0,0,1,0.8,NORMAL
0,2,1,0,0,0.0,3,0.0,2,0,1,0,1,0,0,14,2,0,0,0,0,0,0,3.0,NORMAL
3,2,1,0,0,0.6,4,0.75,1,0,0,1,1,0,0,12,4,0,0,0,0,0,1,1.0,NORMAL
0,2,0,2,0,0.0,1,0.0,1,0,0,0,1,0,0,14,3,0,0,0,0,0,0,1.0,NORMAL
2,2,0,2,0,0.5,2,1.0,2,0,1,0,1,0,0,15,1,0,0,1,0,0,1,0.6667,NORMAL
0,1,0,1,0,0.0,3,0.0,2,0,1,0,1,0,0,15,2,0,0,0,0,0,0,3.0,NORMAL
0,2,0,0,0,0.0,2,0.0,1,0,0,0,1,1,0,8,1,0,0,0,0,0,0,2.0,NORMAL
0,1,0,0,0,0.0,2,0.0,1,0,0,0,1,0,0,8,4,0,0,0,0,0,0,2.0,NORMAL
0,1,0,2,0,0.0,2,0.0,1,0,0,0,1,0,0,15,1,0,0,0,0,0,0,2.0,NORMAL
1,1,0,1,0,0.5,3,0.3333333333333333,1,1,0,0,1,0,0,14,1,0,0,1,0,1,1,1.5,NORMAL
0,2,1,1,0,0.0,3,0.0,2,0,1,0,1,0,0,13,0,0,0,0,0,0,0,3.0,NORMAL
1,2,0,0,0,0.3333333333333333,2,0.5,2,0,1,0,1,1,0,19,2,0,0,0,0,0,1,1.0,NORMAL
1,3,0,2,0,0.25,1,1.0,1,0,0,0,1,0,0,19,1,0,0,0,0,0,1,0.5,NORMAL
1,3,1,1,0,0.25,1,1.0,2,0,1,1,1,0,0,12,4,0,0,0,0,1,1,0.5,NORMAL
1,3,0,1,0,0.25,3,0.3333333333333333,2,0,1,0,1,0,0,12,3,0,0,0,0,0,1,1.5,NORMAL
1,3,0,2,0,0.25,2,0.5,2,1,1,0,1,0,0,8,3,0,0,1,0,0,1,1.0,NORMAL
0,1,0,2,0,0.0,1,0.0,2,0,1,0,1,0,0,17,0,0,0,0,0,0,0,1.0,NORMAL
1,2,0,2,0,0.3333333333333333,3,0.3333333333333333,2,0,1,0,1,0,0,6,4,0,0,0,0,0,1,1.5,NORMAL
1,1,0,1,0,0.5,2,0.5,1,0,0,0,1,0,0,16,3,0,0,1,0,0,1,1.0,NORMAL
1,1,0,1,0,0.5,1,1.0,1,0,0,0,1,0,0,13,4,0,0,0,0,0,1,0.5,NORMAL
2,3,0,1,0,0.4,1,2.0,1,0,0,0,1,1,0,17,3,0,0,0,0,0,1,0.3333,NORMAL
55,1,0,5,0,0.9821428571428571,1,55.0,2,0,1,0,1,0,0,16,1,0,0,1,1,1,1,0.0179,ATTACK
1,1,0,2,0,0.5,3,0.3333333333333333,2,0,1,0,1,0,0,14,1,0,0,0,0,0,1,1.5,NORMAL
24,0,0,2,1,1.0,2,12.0,2,1,1,0,1,0,0,14,4,0,0,1,0,1,0,0.08,ATTACK
27,1,0,5,1,0.9642857142857143,15,1.8,17,0,1,0,1,0,0,8,5,0,0,1,1,1,1,0.5357,ATTACK
6,3,0,0,0,0.6666666666666666,4,1.5,2,1,1,0,1,1,0,19,2,0,0,1,0,1,1,0.5714,NORMAL
13,0,0,3,0,1.0,33,0.3939393939393939,10,0,1,0,1,0,0,3,3,1,1,1,1,1,0,2.3571,ATTACK
4,1,0,1,0,0.8,4,1.0,1,0,0,0,1,0,0,21,4,0,0,0,0,0,1,0.8,NORMAL
1,1,0,1,0,0.5,1,1.0,2,0,1,0,1,0,0,12,3,0,0,0,1,0,1,0.5,NORMAL
0,1,0,0,0,0.0,1,0.0,2,0,1,0,1,1,0,17,1,0,0,0,0,0,0,1.0,NORMAL
5,1,0,2,0,0.8333333333333334,3,1.6666666666666667,1,0,0,0,1,0,0,14,1,0,0,0,0,0,1,0.5,NORMAL
0,1,0,2,0,0.0,1,0.0,2,0,1,0,1,0,0,17,1,0,0,1,0,0,0,1.0,NORMAL
2,2,1,4,0,0.5,1,2.0,1,1,0,1,1,1,0,12,6,0,0,1,1,0,1,0.3333,ATTACK
1,2,1,0,0,0.3333333333333333,1,1.0,2,0,1,1,1,0,0,6,2,0,0,0,0,1,1,0.5,NORMAL
0,1,0,0,0,0.0,2,0.0,2,0,1,0,1,0,0,3,0,1,0,0,0,0,0,2.0,NORMAL
64,0,0,4,1,1.0,2,32.0,2,1,1,0,1,0,0,11,1,0,0,1,1,1,0,0.0308,ATTACK
35,1,0,2,1,0.9722222222222222,28,1.25,8,0,1,0,1,0,0,12,0,0,0,0,1,1,1,0.7778,ATTACK
1,2,0,1,0,0.3333333333333333,3,0.3333333333333333,2,0,1,0,1,0,0,9,1,0,0,0,0,0,1,1.5,NORMAL
10,1,0,5,0,0.9090909090909091,28,0.35714285714285715,19,1,1,0,1,0,0,11,4,0,0,0,0,0,1,2.5455,ATTACK
0,2,1,2,0,0.0,1,0.0,2,0,1,0,1,0,0,5,3,1,0,0,0,1,0,1.0,NORMAL
1,1,0,1,0,0.5,1,1.0,2,0,1,0,1,0,0,8,2,0,0,0,0,0,1,0.5,NORMAL
1,1,0,0,0,0.5,1,1.0,1,0,0,0,1,1,0,16,2,0,0,0,0,0,1,0.5,NORMAL
2,2,2,5,0,0.5,1,2.0,1,0,0,1,1,1,0,6,5,0,0,1,1,0,1,0.3333,ATTACK
0,2,0,1,0,0.0,3,0.0,2,0,1,0,1,1,0,18,3,0,0,0,0,1,0,3.0,NORMAL
2,1,1,2,0,0.6666666666666666,3,0.6666666666666666,1,0,0,1,1,0,0,11,1,0,0,0,0,0,1,1.0,NORMAL
0,1,0,2,0,0.0,1,0.0,1,0,0,0,1,1,0,9,0,0,0,0,1,0,0,1.0,NORMAL
19,0,0,4,0,1.0,37,0.5135135135135135,15,0,1,0,1,0,0,1,5,1,0,0,0,1,0,1.85,ATTACK
2,2,1,4,0,0.5,2,1.0,1,0,0,1,1,1,0,3,1,1,0,0,0,1,1,0.6667,ATTACK
38,0,0,2,0,1.0,18,2.111111111111111,8,1,1,0,1,0,0,22,0,1,0,0,0,1,0,0.4615,ATTACK
1,3,0,1,0,0.25,3,0.3333333333333333,1,0,0,0,1,0,0,7,1,0,0,0,0,0,1,1.5,NORMAL
3,2,1,3,0,0.6,1,3.0,1,1,0,1,1,1,0,14,3,0,0,0,0,0,1,0.25,ATTACK
20,0,0,5,0,1.0,2,10.0,2,1,1,0,1,0,0,14,6,0,0,1,0,1,0,0.0952,ATTACK
1,3,0,1,0,0.25,1,1.0,1,0,0,0,1,0,0,19,1,0,0,0,0,0,1,0.5,NORMAL
2,1,1,2,0,0.6666666666666666,3,0.6666666666666666,1,0,0,1,1,0,0,21,4,0,0,0,0,0,1,1.0,NORMAL
2,1,0,1,0,0.6666666666666666,3,0.6666666666666666,2,0,1,0,1,0,0,14,0,0,0,0,0,0,1,1.0,NORMAL
2,2,0,0,0,0.5,4,0.5,1,0,0,0,1,0,0,7,4,0,0,0,0,0,1,1.3333,NORMAL
0,2,2,3,0,0.0,2,0.0,1,1,0,0,1,1,0,0,1,1,1,0,0,1,0,2.0,ATTACK
1,3,0,1,0,0.25,1,1.0,1,0,0,0,1,0,0,10,2,0,0,0,0,0,1,0.5,NORMAL
20,1,0,2,0,0.9523809523809523,2,10.0,2,1,1,0,1,0,0,2,2,1,0,1,0,1,1,0.0952,ATTACK
0,1,1,1,0,0.0,2,0.0,1,0,0,0,1,0,0,8,3,0,0,0,0,0,0,2.0,NORMAL
32,1,0,4,1,0.9696969696969697,16,2.0,11,1,1,0,1,0,0,5,1,1,0,1,1,1,1,0.4848,ATTACK
2,2,0,1,0,0.5,3,0.6666666666666666,1,0,0,0,1,0,0,14,1,0,0,0,1,0,1,1.0,NORMAL
2,3,0,1,0,0.4,2,1.0,2,0,1,0,1,0,0,11,1,0,0,0,1,0,1,0.6667,NORMAL
0,1,0,2,0,0.0,2,0.0,2,0,1,0,1,0,0,8,3,0,0,0,0,0,0,2.0,NORMAL
2,1,0,1,0,0.6666666666666666,1,2.0,1,0,0,0,1,0,0,21,0,0,0,0,0,1,1,0.3333,NORMAL
1,3,1,0,0,0.25,3,0.3333333333333333,2,0,1,1,1,0,0,16,0,0,0,0,0,1,1,1.5,NORMAL
1,3,0,0,0,0.25,2,0.5,2,0,1,0,1,0,0,15,3,0,0,0,0,0,1,1.0,NORMAL
0,3,0,2,0,0.0,2,0.0,2,0,1,0,1,0,0,17,3,0,0,0,0,0,0,2.0,NORMAL
2,3,0,2,0,0.4,1,2.0,1,0,0,0,1,0,0,17,4,0,0,0,0,0,1,0.3333,NORMAL
0,2,0,1,0,0.0,3,0.0,1,0,0,0,1,0,0,8,4,0,0,1,0,0,0,3.0,NORMAL
0,1,0,2,0,0.0,3,0.0,1,0,0,0,1,1,0,10,0,0,0,0,0,0,0,3.0,NORMAL
56,0,0,2,0,1.0,2,28.0,1,1,0,0,1,0,0,12,6,0,0,1,1,1,0,0.0351,ATTACK
0,1,0,0,0,0.0,1,0.0,1,0,0,0,1,0,0,19,2,0,1,0,0,0,0,1.0,NORMAL
2,2,0,1,0,0.5,2,1.0,2,0,1,0,1,0,0,9,0,0,0,0,0,0,1,0.6667,NORMAL
1,3,0,0,0,0.25,2,0.5,2,0,1,0,1,1,0,17,3,0,1,0,0,0,1,1.0,NORMAL
2,2,0,0,0,0.5,3,0.6666666666666666,1,0,0,0,1,0,0,11,2,0,0,0,0,1,1,1.0,NORMAL
20,0,0,3,0,1.0,13,1.5384615384615385,13,0,1,0,1,0,0,11,0,0,1,0,1,1,0,0.619,ATTACK
3,2,1,5,0,0.6,1,3.0,1,1,0,1,1,1,0,9,3,0,0,1,1,1,1,0.25,ATTACK
2,1,0,1,0,0.6666666666666666,1,2.0,1,0,0,0,1,1,0,0,1,1,0,0,0,0,1,0.3333,NORMAL
2,3,0,0,0,0.4,3,0.6666666666666666,1,1,0,0,1,0,0,9,3,0,0,1,1,0,1,1.0,NORMAL
22,1,0,3,0,0.9565217391304348,18,1.2222222222222223,9,1,1,0,1,0,0,18,1,0,0,0,1,1,1,0.7826,ATTACK
4,1,0,1,0,0.8,4,1.0,1,0,0,0,1,0,0,17,3,0,0,0,0,0,1,0.8,NORMAL
2,3,0,1,0,0.4,3,0.6666666666666666,2,0,1,0,1,1,0,12,4,0,0,0,1,0,1,1.0,NORMAL
2,3,0,2,0,0.4,3,0.6666666666666666,2,0,1,0,1,0,0,14,2,0,0,0,0,0,1,1.0,NORMAL
1,1,0,1,0,0.5,1,1.0,2,0,1,0,1,0,0,9,0,0,0,0,0,1,1,0.5,NORMAL
2,1,0,2,0,0.6666666666666666,3,0.6666666666666666,1,0,0,0,1,0,0,12,3,0,0,0,0,0,1,1.0,NORMAL
2,3,0,0,0,0.4,2,1.0,2,0,1,0,1,0,0,15,1,0,0,0,1,0,1,0.6667,NORMAL
2,3,0,2,0,0.4,2,1.0,1,0,0,0,1,0,0,16,4,0,0,0,0,0,1,0.6667,NORMAL
1,3,0,1,0,0.25,1,1.0,2,0,1,0,1,1,0,1,3,1,0,0,0,0,1,0.5,NORMAL
5,3,0,1,0,0.625,4,1.25,2,0,1,0,1,0,0,7,0,0,0,0,0,0,1,0.6667,NORMAL
2,3,0,1,0,0.4,3,0.6666666666666666,2,0,1,0,1,0,0,16,2,0,0,0,0,1,1,1.0,NORMAL
1,2,1,1,0,0.3333333333333333,2,0.5,2,0,1,1,1,0,0,17,1,0,0,0,0,0,1,1.0,NORMAL
0,2,1,2,0,0.0,1,0.0,1,0,0,0,1,1,0,19,2,0,0,1,1,0,0,1.0,ATTACK
1,3,0,0,0,0.25,1,1.0,2,0,1,0,1,0,0,10,1,0,0,0,0,0,1,0.5,NORMAL
3,1,0,1,0,0.75,5,0.6,1,0,0,0,1,0,0,9,0,0,0,0,0,1,1,1.25,NORMAL
6,3,0,2,0,0.6666666666666666,5,1.2,2,0,1,0,1,1,0,16,1,0,0,0,0,0,1,0.7143,NORMAL
2,3,0,0,0,0.4,1,2.0,1,0,0,0,1,0,0,22,1,1,0,1,0,0,1,0.3333,NORMAL
2,3,0,0,0,0.4,2,1.0,1,0,0,0,1,0,0,16,1,0,0,0,0,1,1,0.6667,NORMAL
2,2,0,1,0,0.5,3,0.6666666666666666,1,0,0,0,1,0,0,15,4,0,1,1,0,1,1,1.0,NORMAL
2,3,0,1,0,0.4,1,2.0,2,0,1,0,1,0,0,15,2,0,0,1,0,0,1,0.3333,NORMAL
1,3,0,2,0,0.25,2,0.5,1,0,0,0,1,1,0,20,1,0,0,0,0,1,1,1.0,NORMAL
0,2,0,1,0,0.0,3,0.0,1,0,0,0,1,0,0,11,3,0,0,0,1,0,0,3.0,NORMAL
2,1,0,0,0,0.6666666666666666,1,2.0,1,0,0,0,1,0,0,8,3,0,0,0,0,0,1,0.3333,NORMAL
1,3,0,0,0,0.25,3,0.3333333333333333,2,0,1,0,1,0,0,9,2,0,0,0,0,0,1,1.5,NORMAL
0,1,0,1,0,0.0,3,0.0,1,0,0,0,1,0,0,6,0,0,0,1,0,0,0,3.0,NORMAL
1,3,0,0,0,0.25,2,0.5,2,0,1,0,1,0,0,21,3,0,0,0,0,0,1,1.0,NORMAL
34,1,0,5,1,0.9714285714285714,16,2.125,18,1,1,0,1,0,0,23,0,1,0,0,1,1,1,0.4571,ATTACK
2,2,0,1,0,0.5,2,1.0,2,0,1,0,1,1,0,18,3,0,0,0,0,0,1,0.6667,NORMAL
48,1,0,5,0,0.9795918367346939,2,24.0,2,1,1,0,1,0,0,4,5,1,1,1,1,1,1,0.0408,ATTACK
1,3,0,2,0,0.25,3,0.3333333333333333,2,0,1,0,1,0,0,14,2,0,0,0,0,0,1,1.5,NORMAL
2,3,0,1,0,0.4,2,1.0,2,0,1,0,1,0,0,13,2,0,0,0,0,0,1,0.6667,NORMAL
2,3,1,2,0,0.4,2,1.0,2,0,1,1,1,1,0,7,1,0,0,0,0,1,1,0.6667,NORMAL
0,1,1,1,0,0.0,1,0.0,2,0,1,0,1,0,0,10,3,0,0,0,0,0,0,1.0,NORMAL
2,2,0,2,0,0.5,2,1.0,1,0,0,0,1,0,0,7,1,0,0,0,1,0,1,0.6667,NORMAL
1,3,0,1,0,0.25,1,1.0,2,0,1,0,1,0,0,5,4,1,0,0,1,0,1,0.5,NORMAL
33,1,0,2,0,0.9705882352941176,2,16.5,1,1,0,0,1,0,0,1,6,1,1,0,0,1,1,0.0588,ATTACK
0,2,0,0,0,0.0,3,0.0,1,0,0,0,1,1,0,10,0,0,0,0,0,0,0,3.0,NORMAL
1,1,1,3,0,0.5,2,0.5,1,1,0,1,1,1,0,20,5,0,0,1,0,0,1,1.0,ATTACK
2,1,0,2,0,0.6666666666666666,3,0.6666666666666666,2,0,1,0,1,0,0,13,1,0,0,0,0,1,1,1.0,NORMAL
63,1,0,3,0,0.984375,1,63.0,2,0,1,0,1,0,0,11,2,0,0,0,1,1,1,0.0156,ATTACK
1,3,0,1,0,0.25,1,1.0,1,1,0,0,1,0,0,7,0,0,0,0,0,0,1,0.5,NORMAL
2,1,2,3,0,0.6666666666666666,2,1.0,1,1,0,1,1,1,0,9,6,0,0,0,0,0,1,0.6667,ATTACK
68,1,0,3,0,0.9855072463768116,1,68.0,2,1,1,0,1,0,0,22,0,1,0,1,1,1,1,0.0145,ATTACK
1,1,0,1,0,0.5,1,1.0,1,0,0,0,1,0,0,12,3,0,0,1,1,0,1,0.5,NORMAL
0,3,0,1,0,0.0,1,0.0,2,0,1,0,1,0,0,12,4,0,0,0,0,0,0,1.0,NORMAL
1,2,0,1,0,0.3333333333333333,3,0.3333333333333333,2,0,1,0,1,0,0,5,3,1,0,0,0,1,1,1.5,NORMAL
30,1,0,5,1,0.967741935483871,21,1.4285714285714286,7,0,1,0,1,0,0,15,4,0,0,1,1,1,1,0.6774,ATTACK
2,1,0,1,0,0.6666666666666666,3,0.6666666666666666,1,0,0,0,1,0,0,14,0,0,0,1,0,0,1,1.0,NORMAL
1,1,0,2,0,0.5,2,0.5,1,0,0,0,1,0,0,20,4,0,0,0,0,0,1,1.0,NORMAL
2,1,0,0,0,0.6666666666666666,2,1.0,1,0,0,0,1,0,0,11,3,0,0,0,0,0,1,0.6667,NORMAL
0,3,1,2,0,0.0,1,0.0,2,0,1,0,1,1,0,16,1,0,0,0,0,0,0,1.0,NORMAL
1,3,0,1,0,0.25,2,0.5,1,0,0,0,1,0,0,9,3,0,0,0,0,0,1,1.0,NORMAL
47,0,0,3,0,1.0,2,23.5,2,0,1,0,1,0,0,6,3,0,0,0,0,1,0,0.0417,ATTACK
2,1,0,0,0,0.6666666666666666,2,1.0,1,0,0,0,1,1,0,8,3,0,0,0,0,0,1,0.6667,NORMAL
0,1,0,1,0,0.0,2,0.0,2,0,1,0,1,1,0,8,4,0,1,0,1,0,0,2.0,NORMAL
1,1,1,0,0,0.5,3,0.3333333333333333,1,0,0,1,1,0,0,18,4,0,0,0,0,0,1,1.5,NORMAL
2,1,2,4,0,0.6666666666666666,1,2.0,1,1,0,1,1,1,0,22,3,1,0,1,1,1,1,0.3333,ATTACK
2,3,0,1,0,0.4,3,0.6666666666666666,1,0,0,0,1,0,0,18,1,0,0,0,0,0,1,1.0,NORMAL
2,3,1,2,0,0.4,2,1.0,1,0,0,1,1,0,0,10,0,0,1,0,1,0,1,0.6667,NORMAL
42,0,0,4,0,1.0,1,42.0,1,0,0,0,1,0,0,20,2,0,0,0,0,1,0,0.0233,ATTACK
3,3,1,1,0,0.5,4,0.75,1,0,0,1,1,1,0,10,3,0,0,1,0,0,1,1.0,NORMAL
2,1,0,0,0,0.6666666666666666,3,0.6666666666666666,1,0,0,0,1,0,0,8,1,0,0,1,0,0,1,1.0,NORMAL
0,3,0,0,0,0.0,3,0.0,1,0,0,0,1,0,0,22,2,1,0,0,0,0,0,3.0,NORMAL
1,1,0,1,0,0.5,1,1.0,1,0,0,0,1,0,0,17,1,0,0,0,0,0,1,0.5,NORMAL
50,1,0,3,0,0.9803921568627451,1,50.0,2,1,1,0,1,0,0,9,1,0,0,1,1,1,1,0.0196,ATTACK
1,2,0,0,0,0.3333333333333333,3,0.3333333333333333,1,0,0,0,1,0,0,12,4,0,0,1,1,0,1,1.5,NORMAL
1,1,0,1,0,0.5,1,1.0,2,0,1,0,1,0,0,8,0,0,0,0,0,0,1,0.5,NORMAL
2,1,0,0,0,0.6666666666666666,2,1.0,1,0,0,0,1,0,0,9,4,0,0,1,0,0,1,0.6667,NORMAL
1,2,0,0,0,0.3333333333333333,1,1.0,1,0,0,0,1,1,0,10,0,0,0,1,0,0,1,0.5,NORMAL
0,1,0,2,0,0.0,1,0.0,2,0,1,0,1,0,0,8,0,0,0,1,0,0,0,1.0,NORMAL
28,0,0,3,1,1.0,19,1.4736842105263157,12,0,1,0,1,0,0,21,6,0,0,0,0,1,0,0.6552,ATTACK
0,2,0,1,0,0.0,3,0.0,1,0,0,0,1,1,0,15,4,0,0,0,0,1,0,3.0,NORMAL
1,2,0,1,0,0.3333333333333333,1,1.0,2,0,1,0,1,0,0,11,0,0,1,0,0,1,1,0.5,NORMAL
0,1,0,1,0,0.0,2,0.0,1,1,0,0,1,0,0,19,1,0,0,0,0,0,0,2.0,NORMAL
17,0,0,5,0,1.0,23,0.7391304347826086,19,1,1,0,1,0,0,3,6,1,0,1,1,1,0,1.2778,ATTACK
2,3,0,2,0,0.4,1,2.0,2,0,1,0,1,0,0,8,3,0,0,1,1,0,1,0.3333,NORMAL
2,1,0,0,0,0.6666666666666666,3,0.6666666666666666,1,0,0,0,1,0,0,18,3,0,0,1,0,1,1,1.0,NORMAL
2,3,0,2,0,0.4,3,0.6666666666666666,2,0,1,0,1,0,0,9,1,0,0,0,0,0,1,1.0,NORMAL
1,3,0,1,0,0.25,3,0.3333333333333333,2,0,1,0,1,0,0,13,4,0,0,0,0,1,1,1.5,NORMAL
5,3,0,0,0,0.625,3,1.6666666666666667,2,0,1,0,1,0,0,9,1,0,0,0,0,0,1,0.5,NORMAL
0,1,1,5,0,0.0,1,0.0,1,1,0,0,1,1,0,11,3,0,1,1,1,0,0,1.0,ATTACK
0,2,0,1,0,0.0,3,0.0,2,0,1,0,1,0,0,11,1,0,0,0,0,0,0,3.0,NORMAL
22,1,0,5,1,0.9565217391304348,1,22.0,1,1,0,0,1,0,0,18,6,0,0,0,0,1,1,0.0435,ATTACK
1,1,0,2,0,0.5,2,0.5,2,0,1,0,1,0,0,16,4,0,0,0,0,0,1,1.0,NORMAL
77,1,0,2,0,0.9871794871794872,2,38.5,2,1,1,0,1,0,0,19,6,0,0,1,1,1,1,0.0256,ATTACK
1,2,0,1,0,0.3333333333333333,1,1.0,1,0,0,0,1,1,0,18,1,0,0,1,0,0,1,0.5,NORMAL
2,1,2,2,0,0.6666666666666666,2,1.0,1,1,0,1,1,1,0,19,0,0,0,1,1,0,1,0.6667,ATTACK
0,1,1,1,0,0.0,2,0.0,1,0,0,0,1,0,0,3,1,1,0,0,0,1,0,2.0,NORMAL
0,1,0,2,0,0.0,2,0.0,2,0,1,0,1,0,0,15,4,0,0,0,0,0,0,2.0,NORMAL
1,2,0,0,0,0.3333333333333333,3,0.3333333333333333,2,0,1,0,1,1,0,15,2,0,0,0,1,0,1,1.5,NORMAL
0,1,2,5,0,0.0,1,0.0,1,1,0,0,1,1,0,10,2,0,0,0,1,0,0,1.0,ATTACK
30,1,0,3,0,0.967741935483871,38,0.7894736842105263,6,1,1,0,1,0,0,16,2,0,1,1,1,1,1,1.2258,ATTACK
1,3,0,0,0,0.25,2,0.5,1,0,0,0,1,0,0,8,3,0,1,0,0,0,1,1.0,NORMAL
51,1,0,5,0,0.9807692307692307,2,25.5,1,0,0,0,1,0,0,5,4,1,0,0,1,1,1,0.0385,ATTACK
2,3,0,0,0,0.4,2,1.0,2,0,1,0,1,0,0,18,4,0,0,0,0,1,1,0.6667,NORMAL
0,1,0,0,0,0.0,3,0.0,2,0,1,0,1,0,0,15,4,0,0,0,0,0,0,3.0,NORMAL
5,2,0,2,0,0.7142857142857143,3,1.6666666666666667,1,0,0,0,1,0,0,15,4,0,0,1,1,1,1,0.5,NORMAL
33,0,0,3,0,1.0,22,1.5,16,1,1,0,1,0,0,1,2,1,1,0,1,1,0,0.6471,ATTACK
2,3,1,1,0,0.4,1,2.0,1,1,0,1,1,0,0,17,4,0,0,1,1,0,1,0.3333,NORMAL
1,1,0,2,0,0.5,2,0.5,1,0,0,0,1,0,0,13,4,0,0,1,0,0,1,1.0,NORMAL
1,2,0,2,0,0.3333333333333333,3,0.3333333333333333,2,0,1,0,1,0,0,8,1,0,0,0,1,0,1,1.5,NORMAL
2,1,0,1,0,0.6666666666666666,3,0.6666666666666666,2,0,1,0,1,0,0,7,2,0,0,0,1,0,1,1.0,NORMAL
3,2,1,2,0,0.6,4,0.75,1,0,0,1,1,1,0,9,2,0,0,0,1,0,1,1.0,NORMAL
2,3,0,2,0,0.4,1,2.0,2,0,1,0,1,0,0,15,3,0,0,0,0,0,1,0.3333,NORMAL
2,1,0,0,0,0.6666666666666666,2,1.0,1,1,0,0,1,0,0,14,2,0,0,0,0,0,1,0.6667,NORMAL
35,0,0,2,1,1.0,32,1.09375,14,1,1,0,1,0,0,22,3,1,0,1,1,1,0,0.8889,ATTACK
0,2,0,1,0,0.0,1,0.0,1,0,0,0,1,0,0,16,3,0,0,1,0,0,0,1.0,NORMAL
0,1,0,2,0,0.0,3,0.0,2,0,1,0,1,0,0,12,4,0,1,1,0,0,0,3.0,NORMAL
0,3,0,0,0,0.0,3,0.0,2,0,1,0,1,0,0,11,0,0,0,0,0,1,0,3.0,NORMAL
33,0,0,2,0,1.0,25,1.32,10,1,1,0,1,0,0,23,3,1,0,1,1,1,0,0.7353,ATTACK
2,1,0,0,0,0.6666666666666666,2,1.0,1,0,0,0,1,0,0,15,0,0,0,0,0,0,1,0.6667,NORMAL
34,0,0,2,1,1.0,38,0.8947368421052632,11,1,1,0,1,0,0,21,6,0,0,1,0,1,0,1.0857,ATTACK
1,1,1,5,1,0.5,2,0.5,1,1,0,1,1,1,0,10,5,0,1,1,0,0,1,1.0,ATTACK
2,2,1,1,0,0.5,2,1.0,1,0,0,1,1,0,0,20,0,0,0,0,0,0,1,0.6667,NORMAL
0,1,0,0,0,0.0,1,0.0,2,1,1,0,1,0,0,20,1,0,0,0,0,1,0,1.0,NORMAL
35,0,0,5,0,1.0,34,1.0294117647058822,16,1,1,0,1,0,0,13,3,0,0,0,0,1,0,0.9444,ATTACK
1,1,0,2,0,0.5,1,1.0,1,0,0,0,1,0,0,17,2,0,0,0,0,0,1,0.5,NORMAL
3,3,0,1,0,0.5,5,0.6,1,0,0,0,1,0,0,10,2,0,0,0,0,1,1,1.25,NORMAL
2,2,0,0,0,0.5,2,1.0,1,0,0,0,1,0,0,9,2,0,0,0,0,0,1,0.6667,NORMAL
0,1,1,2,0,0.0,2,0.0,1,0,0,0,1,0,0,9,0,0,0,0,0,0,0,2.0,NORMAL
2,1,0,1,0,0.6666666666666666,2,1.0,1,0,0,0,1,0,0,12,0,0,0,0,0,0,1,0.6667,NORMAL
2,3,0,2,0,0.4,1,2.0,2,0,1,0,1,1,0,17,4,0,0,0,0,1,1,0.3333,NORMAL
1,3,0,0,0,0.25,1,1.0,1,0,0,0,1,0,0,13,0,0,0,0,0,0,1,0.5,NORMAL
3,1,2,5,1,0.75,1,3.0,1,1,0,1,1,1,0,14,5,0,1,1,1,0,1,0.25,ATTACK
0,2,2,2,0,0.0,2,0.0,1,1,0,0,1,1,0,16,6,0,1,1,1,0,0,2.0,ATTACK
0,3,0,2,0,0.0,1,0.0,2,0,1,0,1,0,0,16,0,0,0,1,0,0,0,1.0,NORMAL
0,2,0,2,0,0.0,2,0.0,2,0,1,0,1,0,0,18,4,0,0,0,1,0,0,2.0,NORMAL
1,1,0,0,0,0.5,1,1.0,2,0,1,0,1,1,0,12,3,0,0,0,0,0,1,0.5,NORMAL
0,1,0,2,0,0.0,3,0.0,2,0,1,0,1,0,0,15,4,0,0,0,0,0,0,3.0,NORMAL
0,2,0,0,0,0.0,2,0.0,1,1,0,0,1,0,0,10,0,0,0,1,0,0,0,2.0,NORMAL
28,0,0,3,0,1.0,2,14.0,2,1,1,0,1,0,0,10,4,0,0,1,1,1,0,0.069,ATTACK
0,3,1,0,0,0.0,2,0.0,1,0,0,0,1,0,0,9,3,0,0,0,0,0,0,2.0,NORMAL
0,2,0,1,0,0.0,1,0.0,1,0,0,0,1,0,0,19,3,0,0,0,0,0,0,1.0,NORMAL
2,1,0,1,0,0.6666666666666666,4,0.5,1,0,0,0,1,0,0,15,2,0,0,0,0,0,1,1.3333,NORMAL
0,1,0,0,0,0.0,2,0.0,1,0,0,0,1,1,0,17,0,0,0,0,0,0,0,2.0,NORMAL
26,1,0,4,1,0.9629629629629629,2,13.0,1,0,0,0,1,0,0,8,5,0,0,1,1,1,1,0.0741,ATTACK
59,0,0,3,0,1.0,2,29.5,2,1,1,0,1,0,0,12,2,0,0,1,1,1,0,0.0333,ATTACK
1,2,0,0,0,0.3333333333333333,3,0.3333333333333333,2,0,1,0,1,1,0,22,4,1,0,0,0,1,1,1.5,NORMAL
1,3,0,1,0,0.25,1,1.0,2,0,1,0,1,0,0,16,0,0,0,0,0,0,1,0.5,NORMAL
1,2,0,2,0,0.3333333333333333,2,0.5,1,0,0,0,1,0,0,10,4,0,0,0,0,1,1,1.0,NORMAL
0,1,0,1,0,0.0,2,0.0,1,0,0,0,1,0,0,7,3,0,0,0,1,1,0,2.0,NORMAL
1,1,2,2,0,0.5,2,0.5,1,1,0,1,1,1,0,0,0,1,0,0,0,1,1,1.0,ATTACK
3,3,0,0,0,0.5,3,1.0,2,1,1,0,1,0,0,10,2,0,0,0,0,0,1,0.75,NORMAL
0,1,0,1,0,0.0,1,0.0,2,0,1,0,1,0,0,9,0,0,0,0,0,0,0,1.0,NORMAL
1,1,0,0,0,0.5,3,0.3333333333333333,2,1,1,0,1,0,0,8,4,0,0,0,0,0,1,1.5,NORMAL
2,3,0,2,0,0.4,2,1.0,2,0,1,0,1,0,0,16,0,0,0,0,1,0,1,0.6667,NORMAL
1,1,0,0,0,0.5,3,0.3333333333333333,2,0,1,0,1,0,0,22,3,1,0,1,0,0,1,1.5,NORMAL
2,1,2,2,0,0.6666666666666666,1,2.0,1,1,0,1,1,1,0,2,4,1,1,1,0,1,1,0.3333,ATTACK
2,1,0,2,0,0.6666666666666666,3,0.6666666666666666,1,0,0,0,1,0,0,10,2,0,0,0,0,1,1,1.0,NORMAL
27,0,0,3,0,1.0,28,0.9642857142857143,16,1,1,0,1,0,0,2,1,1,1,0,1,1,0,1.0,ATTACK
1,3,0,1,0,0.25,1,1.0,2,0,1,0,1,0,0,11,4,0,1,0,0,1,1,0.5,NORMAL
0,2,1,0,0,0.0,2,0.0,2,0,1,0,1,0,0,10,1,0,1,0,0,0,0,2.0,NORMAL
3,2,0,0,0,0.6,5,0.6,1,0,0,0,1,1,0,15,2,0,0,0,0,0,1,1.25,NORMAL
0,3,0,2,0,0.0,3,0.0,1,0,0,0,1,1,0,10,2,0,0,0,0,0,0,3.0,NORMAL
2,3,0,2,0,0.4,2,1.0,2,0,1,0,1,0,0,19,3,0,0,0,0,1,1,0.6667,NORMAL
1,3,0,0,0,0.25,3,0.3333333333333333,1,0,0,0,1,0,0,10,4,0,0,0,0,0,1,1.5,NORMAL
1,3,0,0,0,0.25,2,0.5,2,0,1,0,1,0,0,9,0,0,1,0,0,0,1,1.0,NORMAL
34,1,0,3,1,0.9714285714285714,35,0.9714285714285714,6,1,1,0,1,0,0,2,1,1,0,1,0,1,1,1.0,ATTACK
28,1,0,4,0,0.9655172413793104,34,0.8235294117647058,13,1,1,0,1,0,0,5,4,1,1,1,0,1,1,1.1724,ATTACK
0,1,0,0,0,0.0,1,0.0,2,0,1,0,1,0,0,11,4,0,0,1,0,0,0,1.0,NORMAL
1,2,0,0,0,0.3333333333333333,2,0.5,1,0,0,0,1,0,0,5,1,1,0,0,0,0,1,1.0,NORMAL
2,3,0,0,0,0.4,3,0.6666666666666666,2,0,1,0,1,0,0,15,1,0,0,0,0,0,1,1.0,NORMAL
0,2,0,0,0,0.0,2,0.0,1,0,0,0,1,1,0,9,4,0,0,0,0,0,0,2.0,NORMAL
1,2,0,1,0,0.3333333333333333,1,1.0,1,0,0,0,1,1,0,8,1,0,0,0,0,0,1,0.5,NORMAL
2,3,0,1,0,0.4,2,1.0,1,0,0,0,1,0,0,16,1,0,0,1,0,0,1,0.6667,NORMAL
31,1,0,3,0,0.96875,1,31.0,2,0,1,0,1,0,0,10,5,0,1,1,0,1,1,0.0312,ATTACK
2,3,0,2,0,0.4,3,0.6666666666666666,1,0,0,0,1,0,0,14,1,0,0,0,1,0,1,1.0,NORMAL
75,0,0,5,1,1.0,1,75.0,2,1,1,0,1,0,0,9,5,0,1,1,1,1,0,0.0132,ATTACK
1,2,0,2,0,0.3333333333333333,3,0.3333333333333333,2,0,1,0,1,1,0,17,4,0,0,0,0,0,1,1.5,NORMAL
2,3,0,1,0,0.4,1,2.0,2,0,1,0,1,1,0,8,0,0,0,0,1,0,1,0.3333,NORMAL
2,2,0,2,0,0.5,1,2.0,1,0,0,0,1,1,0,16,1,0,0,0,0,1,1,0.3333,NORMAL
1,2,1,0,0,0.3333333333333333,3,0.3333333333333333,1,0,0,1,1,0,0,10,4,0,0,0,0,0,1,1.5,NORMAL
0,3,0,1,0,0.0,1,0.0,2,0,1,0,1,1,0,6,4,0,1,1,0,1,0,1.0,NORMAL
2,1,0,0,0,0.6666666666666666,2,1.0,2,0,1,0,1,0,0,14,4,0,0,0,0,0,1,0.6667,NORMAL
1,1,0,1,0,0.5,2,0.5,2,0,1,0,1,0,0,4,3,1,0,0,0,0,1,1.0,NORMAL
44,0,0,2,0,1.0,2,22.0,1,0,0,0,1,0,0,21,3,0,0,1,1,1,0,0.0444,ATTACK
5,1,0,0,0,0.8333333333333334,4,1.25,2,0,1,0,1,0,0,10,2,0,0,0,0,0,1,0.6667,NORMAL
0,2,0,1,0,0.0,2,0.0,2,0,1,0,1,0,0,19,0,0,0,0,0,0,0,2.0,NORMAL
2,2,0,2,0,0.5,1,2.0,2,0,1,0,1,0,0,22,3,1,0,1,0,0,1,0.3333,NORMAL
0,3,1,1,0,0.0,1,0.0,1,0,0,0,1,0,0,15,4,0,0,0,0,0,0,1.0,NORMAL
0,3,0,2,0,0.0,3,0.0,1,0,0,0,1,1,0,8,3,0,0,0,0,0,0,3.0,NORMAL
1,2,0,0,0,0.3333333333333333,3,0.3333333333333333,2,0,1,0,1,0,0,10,1,0,0,0,0,0,1,1.5,NORMAL
1,1,0,0,0,0.5,2,0.5,2,0,1,0,1,1,0,13,1,0,0,0,0,0,1,1.0,NORMAL
2,3,0,1,0,0.4,1,2.0,1,0,0,0,1,1,0,15,4,0,0,0,1,0,1,0.3333,NORMAL
0,3,0,0,0,0.0,3,0.0,2,0,1,0,1,0,0,9,1,0,0,0,0,0,0,3.0,NORMAL
2,1,0,1,0,0.6666666666666666,3,0.6666666666666666,1,0,0,0,1,0,0,10,4,0,0,0,0,0,1,1.0,NORMAL
2,2,1,1,0,0.5,1,2.0,2,0,1,1,1,0,0,6,1,0,0,1,0,0,1,0.3333,NORMAL
2,2,2,2,0,0.5,1,2.0,1,1,0,1,1,1,0,3,3,1,0,1,0,1,1,0.3333,ATTACK
3,2,2,2,1,0.6,1,3.0,1,1,0,1,1,1,0,8,0,0,1,1,1,0,1,0.25,ATTACK
2,3,0,1,0,0.4,2,1.0,2,0,1,0,1,0,0,4,4,1,0,0,0,0,1,0.6667,NORMAL
3,2,2,4,0,0.6,2,1.5,1,1,0,1,1,1,0,20,1,0,0,1,1,0,1,0.5,ATTACK
2,1,1,2,0,0.6666666666666666,1,2.0,1,0,0,1,1,0,0,9,0,0,0,0,0,0,1,0.3333,NORMAL
38,1,0,5,0,0.9743589743589743,39,0.9743589743589743,5,0,1,0,1,0,0,2,3,1,1,0,1,1,1,1.0,ATTACK
0,3,0,0,0,0.0,2,0.0,1,0,0,0,1,1,0,9,2,0,0,0,0,0,0,2.0,NORMAL
2,2,2,2,0,0.5,2,1.0,1,1,0,1,1,1,0,23,1,1,1,1,0,1,1,0.6667,ATTACK
42,0,0,5,0,1.0,1,42.0,2,1,1,0,1,0,0,3,0,1,0,0,1,1,0,0.0233,ATTACK
2,2,0,0,0,0.5,2,1.0,1,0,0,0,1,0,0,16,0,0,0,0,1,0,1,0.6667,NORMAL
4,1,0,2,0,0.8,3,1.3333333333333333,1,0,0,0,1,0,0,15,2,0,0,1,0,1,1,0.6,NORMAL
69,0,0,3,1,1.0,1,69.0,2,1,1,0,1,0,0,12,0,0,0,0,0,1,0,0.0143,ATTACK
25,1,0,5,0,0.9615384615384616,12,2.0833333333333335,17,1,1,0,1,0,0,8,2,0,0,1,0,1,1,0.4615,ATTACK
3,3,0,0,0,0.5,2,1.5,1,0,0,0,1,0,0,17,3,0,1,0,0,0,1,0.5,NORMAL
0,1,0,2,0,0.0,3,0.0,2,0,1,0,1,1,0,15,0,0,0,0,0,0,0,3.0,NORMAL
2,1,0,1,0,0.6666666666666666,1,2.0,2,0,1,0,1,0,0,18,1,0,0,1,0,0,1,0.3333,NORMAL
26,1,0,5,0,0.9629629629629629,26,1.0,16,1,1,0,1,0,0,22,3,1,0,0,0,1,1,0.963,ATTACK
2,2,0,0,0,0.5,2,1.0,2,0,1,0,1,0,0,20,4,0,0,0,0,1,1,0.6667,NORMAL
2,2,0,2,0,0.5,2,1.0,1,0,0,0,1,0,0,19,0,0,0,0,0,0,1,0.6667,NORMAL
2,2,0,2,0,0.5,2,1.0,2,1,1,0,1,1,0,10,4,0,0,0,0,0,1,0.6667,NORMAL
3,2,0,1,0,0.6,3,1.0,1,0,0,0,1,0,0,17,2,0,0,0,0,0,1,0.75,NORMAL
0,2,0,2,0,0.0,2,0.0,2,0,1,0,1,0,0,9,4,0,0,0,0,0,0,2.0,NORMAL
0,1,0,0,0,0.0,1,0.0,2,0,1,0,1,0,0,20,3,0,0,0,0,0,0,1.0,NORMAL
0,2,0,2,0,0.0,1,0.0,1,0,0,0,1,0,0,7,0,0,0,0,0,1,0,1.0,NORMAL
1,1,1,5,0,0.5,2,0.5,1,1,0,1,1,1,0,18,5,0,0,1,1,0,1,1.0,ATTACK
0,3,0,1,0,0.0,1,0.0,2,0,1,0,1,0,0,17,0,0,0,0,0,0,0,1.0,NORMAL
0,2,0,1,0,0.0,1,0.0,2,0,1,0,1,0,0,14,1,0,0,0,0,0,0,1.0,NORMAL
0,3,0,1,0,0.0,2,0.0,2,0,1,0,1,0,0,23,0,1,0,0,0,0,0,2.0,NORMAL
2,3,0,2,0,0.4,1,2.0,2,0,1,0,1,1,0,8,1,0,0,1,0,1,1,0.3333,NORMAL
1,1,0,1,0,0.5,2,0.5,2,0,1,0,1,0,0,11,0,0,0,0,0,0,1,1.0,NORMAL
0,1,0,1,0,0.0,3,0.0,1,0,0,0,1,0,0,19,3,0,0,0,1,1,0,3.0,NORMAL
0,2,0,1,0,0.0,2,0.0,1,0,0,0,1,1,0,14,3,0,0,0,0,0,0,2.0,NORMAL
2,1,2,4,1,0.6666666666666666,1,2.0,1,1,0,1,1,1,0,7,3,0,1,1,0,1,1,0.3333,ATTACK
0,3,0,0,0,0.0,2,0.0,1,0,0,0,1,0,0,3,4,1,0,0,1,0,0,2.0,NORMAL
0,2,1,3,0,0.0,1,0.0,1,1,0,0,1,1,0,9,4,0,0,1,0,1,0,1.0,ATTACK
36,1,0,4,1,0.972972972972973,10,3.6,19,1,1,0,1,0,0,15,1,0,0,0,1,1,1,0.2703,ATTACK
77,1,0,4,0,0.9871794871794872,1,77.0,1,1,0,0,1,0,0,17,5,0,0,1,0,1,1,0.0128,ATTACK
1,2,0,0,0,0.3333333333333333,2,0.5,1,0,0,0,1,0,0,6,3,0,0,0,0,0,1,1.0,NORMAL
1,1,2,4,0,0.5,2,0.5,1,1,0,1,1,1,0,20,4,0,0,1,0,0,1,1.0,ATTACK
1,3,0,0,0,0.25,1,1.0,2,0,1,0,1,0,0,13,4,0,0,0,0,1,1,0.5,NORMAL
1,1,0,0,0,0.5,2,0.5,2,0,1,0,1,1,0,15,0,0,0,0,1,1,1,1.0,NORMAL
0,3,0,2,0,0.0,1,0.0,1,0,0,0,1,0,0,14,3,0,0,1,0,0,0,1.0,NORMAL
1,3,1,2,0,0.25,3,0.3333333333333333,1,0,0,1,1,1,0,15,2,0,1,1,1,0,1,1.5,NORMAL
0,1,0,2,0,0.0,1,0.0,1,0,0,0,1,0,0,18,1,0,0,0,0,0,0,1.0,NORMAL
1,1,0,2,0,0.5,2,0.5,1,0,0,0,1,0,0,13,3,0,0,0,0,0,1,1.0,NORMAL
2,2,0,0,0,0.5,2,1.0,2,0,1,0,1,0,0,15,0,0,0,0,0,0,1,0.6667,NORMAL
1,3,1,1,0,0.25,3,0.3333333333333333,1,0,0,1,1,1,0,4,3,1,0,0,0,1,1,1.5,NORMAL
6,1,1,1,0,0.8571428571428571,3,2.0,1,0,0,1,1,0,0,21,1,0,0,1,0,0,1,0.4286,NORMAL
58,0,0,4,1,1.0,1,58.0,1,1,0,0,1,0,0,19,6,0,0,1,0,1,0,0.0169,ATTACK
2,3,0,2,0,0.4,2,1.0,1,0,0,0,1,0,0,11,0,0,0,1,0,1,1,0.6667,NORMAL
1,2,0,2,0,0.3333333333333333,1,1.0,2,0,1,0,1,1,0,8,0,0,0,1,0,0,1,0.5,NORMAL
2,1,0,2,0,0.6666666666666666,3,0.6666666666666666,1,1,0,0,1,0,0,10,4,0,0,0,0,0,1,1.0,NORMAL
24,0,0,5,0,1.0,34,0.7058823529411765,10,1,1,0,1,0,0,16,2,0,0,1,0,1,0,1.36,ATTACK
2,2,1,2,0,0.5,2,1.0,1,0,0,1,1,1,0,14,6,0,0,1,0,0,1,0.6667,ATTACK
2,3,0,2,0,0.4,2,1.0,1,0,0,0,1,0,0,15,1,0,0,0,1,0,1,0.6667,NORMAL
2,1,0,2,0,0.6666666666666666,2,1.0,1,0,0,0,1,1,0,19,4,0,0,0,0,0,1,0.6667,NORMAL
0,2,1,0,0,0.0,2,0.0,1,0,0,0,1,0,0,1,4,1,0,0,0,1,0,2.0,NORMAL
1,2,0,2,0,0.3333333333333333,2,0.5,1,0,0,0,1,1,0,16,4,0,0,0,1,0,1,1.0,NORMAL
2,2,1,0,0,0.5,1,2.0,1,0,0,1,1,0,0,9,3,0,0,0,0,0,1,0.3333,NORMAL
1,3,0,1,0,0.25,2,0.5,1,0,0,0,1,0,0,15,0,0,0,0,0,0,1,1.0,NORMAL
4,3,0,2,0,0.5714285714285714,5,0.8,2,0,1,0,1,0,0,11,2,0,0,0,0,0,1,1.0,NORMAL
0,3,0,2,0,0.0,1,0.0,2,0,1,0,1,1,0,10,3,0,0,0,0,0,0,1.0,NORMAL
2,3,0,0,0,0.4,3,0.6666666666666666,1,0,0,0,1,0,0,11,0,0,0,0,0,0,1,1.0,NORMAL
0,2,1,3,0,0.0,1,0.0,1,1,0,0,1,1,0,16,0,0,0,0,1,1,0,1.0,ATTACK
23,0,0,4,0,1.0,1,23.0,1,1,0,0,1,0,0,4,5,1,0,1,1,1,0,0.0417,ATTACK
2,2,1,4,0,0.5,1,2.0,1,0,0,1,1,1,0,8,5,0,0,0,1,0,1,0.3333,ATTACK
0,1,1,0,0,0.0,3,0.0,2,0,1,0,1,0,0,12,2,0,0,1,0,0,0,3.0,NORMAL
1,1,1,4,0,0.5,2,0.5,1,1,0,1,1,1,0,23,6,1,1,1,1,1,1,1.0,ATTACK
0,2,0,2,0,0.0,2,0.0,1,0,0,0,1,0,0,15,4,0,0,1,1,1,0,2.0,NORMAL
12,1,0,4,0,0.9230769230769231,22,0.5454545454545454,18,1,1,0,1,0,0,13,1,0,0,0,1,1,1,1.6923,ATTACK
1,2,0,0,0,0.3333333333333333,2,0.5,2,0,1,0,1,0,0,18,3,0,0,0,0,1,1,1.0,NORMAL
36,1,0,2,1,0.972972972972973,30,1.2,17,1,1,0,1,0,0,20,4,0,1,1,1,1,1,0.8108,ATTACK
3,2,0,2,0,0.6,4,0.75,2,0,1,0,1,1,0,7,0,0,0,0,1,0,1,1.0,NORMAL
0,3,0,1,0,0.0,3,0.0,2,1,1,0,1,0,0,15,0,0,0,0,0,0,0,3.0,NORMAL
0,3,0,2,0,0.0,2,0.0,2,0,1,0,1,0,0,20,2,0,0,0,1,0,0,2.0,NORMAL
5,2,1,2,0,0.7142857142857143,4,1.25,2,0,1,1,1,1,0,18,2,0,0,0,0,0,1,0.6667,NORMAL
49,0,0,3,0,1.0,2,24.5,2,1,1,0,1,0,0,18,3,0,0,1,1,1,0,0.04,ATTACK
2,3,0,1,0,0.4,3,0.6666666666666666,1,0,0,0,1,0,0,9,2,0,0,0,0,1,1,1.0,NORMAL
1,2,0,2,0,0.3333333333333333,1,1.0,1,0,0,0,1,1,0,20,2,0,0,0,0,0,1,0.5,NORMAL
50,0,0,4,1,1.0,1,50.0,1,0,0,0,1,0,0,6,0,0,1,1,1,1,0,0.0196,ATTACK
39,0,0,5,0,1.0,2,19.5,1,1,0,0,1,0,0,11,6,0,0,1,0,1,0,0.05,ATTACK
1,2,0,2,0,0.3333333333333333,2,0.5,1,0,0,0,1,0,0,17,4,0,1,0,0,0,1,1.0,NORMAL
4,2,1,0,0,0.6666666666666666,2,2.0,2,0,1,1,1,0,0,15,3,0,0,0,0,0,1,0.4,NORMAL
1,2,1,2,0,0.3333333333333333,2,0.5,1,0,0,1,1,0,0,16,1,0,0,0,0,0,1,1.0,NORMAL
1,3,0,2,0,0.25,1,1.0,2,0,1,0,1,1,0,8,1,0,0,0,0,0,1,0.5,NORMAL
43,1,0,4,0,0.9772727272727273,2,21.5,1,1,0,0,1,0,0,17,4,0,0,0,1,1,1,0.0455,ATTACK
18,0,0,3,1,1.0,27,0.6666666666666666,18,1,1,0,1,0,0,10,3,0,0,0,0,1,0,1.4211,ATTACK
3,1,1,4,1,0.75,2,1.5,1,1,0,1,1,1,0,16,3,0,0,0,1,0,1,0.5,ATTACK
0,2,2,4,0,0.0,1,0.0,1,1,0,0,1,1,0,15,2,0,1,0,1,0,0,1.0,ATTACK
0,2,0,1,0,0.0,3,0.0,1,0,0,0,1,0,0,13,3,0,0,0,1,0,0,3.0,NORMAL
2,2,0,1,0,0.5,2,1.0,2,0,1,0,1,1,0,15,4,0,0,0,1,0,1,0.6667,NORMAL
1,1,0,0,0,0.5,3,0.3333333333333333,1,0,0,0,1,1,0,13,0,0,0,0,0,1,1,1.5,NORMAL
1,3,0,2,0,0.25,3,0.3333333333333333,1,0,0,0,1,0,0,15,1,0,0,0,1,1,1,1.5,NORMAL
1,2,0,0,0,0.3333333333333333,3,0.3333333333333333,2,0,1,0,1,1,0,9,2,0,0,0,0,0,1,1.5,NORMAL
2,3,1,0,0,0.4,2,1.0,1,0,0,1,1,0,0,11,3,0,0,0,1,0,1,0.6667,NORMAL
2,1,0,0,0,0.6666666666666666,2,1.0,2,0,1,0,1,0,0,15,0,0,1,0,0,0,1,0.6667,NORMAL
20,0,0,2,0,1.0,18,1.1111111111111112,18,0,1,0,1,0,0,15,0,0,0,0,1,1,0,0.8571,ATTACK
4,1,0,1,0,0.8,4,1.0,1,0,0,0,1,0,0,11,3,0,0,0,0,0,1,0.8,NORMAL
1,2,0,1,0,0.3333333333333333,2,0.5,1,1,0,0,1,0,0,17,4,0,0,0,0,0,1,1.0,NORMAL
0,1,0,1,0,0.0,1,0.0,1,1,0,0,1,0,0,5,2,1,0,0,0,0,0,1.0,NORMAL
3,1,0,1,0,0.75,3,1.0,2,0,1,0,1,0,0,14,2,0,0,0,0,0,1,0.75,NORMAL
2,3,0,0,0,0.4,1,2.0,1,0,0,0,1,0,0,16,4,0,0,0,0,0,1,0.3333,NORMAL
79,1,0,2,0,0.9875,1,79.0,1,1,0,0,1,0,0,20,1,0,1,1,0,1,1,0.0125,ATTACK
0,1,0,2,0,0.0,2,0.0,2,0,1,0,1,1,0,9,2,0,0,1,0,0,0,2.0,NORMAL
0,2,1,3,1,0.0,2,0.0,1,1,0,0,1,1,0,12,4,0,0,0,0,0,0,2.0,ATTACK
4,1,1,1,0,0.8,4,1.0,2,1,1,1,1,0,0,10,4,0,0,1,0,0,1,0.8,NORMAL
0,1,0,1,0,0.0,1,0.0,2,0,1,0,1,0,0,11,1,0,0,0,0,0,0,1.0,NORMAL
2,1,0,1,0,0.6666666666666666,3,0.6666666666666666,2,0,1,0,1,0,0,12,3,0,0,0,0,0,1,1.0,NORMAL
2,2,1,0,0,0.5,1,2.0,2,0,1,1,1,0,0,15,3,0,0,0,0,0,1,0.3333,NORMAL
12,0,0,2,0,1.0,18,0.6666666666666666,6,1,1,0,1,0,0,11,2,0,0,1,0,1,0,1.3846,ATTACK
25,0,0,5,1,1.0,2,12.5,2,1,1,0,1,0,0,0,3,1,1,1,1,1,0,0.0769,ATTACK
0,1,0,2,0,0.0,1,0.0,2,0,1,0,1,1,0,19,3,0,0,0,1,0,0,1.0,NORMAL
1,2,0,0,0,0.3333333333333333,3,0.3333333333333333,1,0,0,0,1,0,0,8,2,0,0,0,0,0,1,1.5,NORMAL
0,1,0,2,0,0.0,2,0.0,1,0,0,0,1,0,0,17,2,0,0,0,0,0,0,2.0,NORMAL
0,1,0,1,0,0.0,1,0.0,1,0,0,0,1,0,0,10,4,0,0,0,0,1,0,1.0,NORMAL
0,2,0,2,0,0.0,1,0.0,1,0,0,0,1,0,0,10,1,0,0,0,0,0,0,1.0,NORMAL
1,1,0,0,0,0.5,3,0.3333333333333333,2,0,1,0,1,0,0,13,1,0,0,0,0,0,1,1.5,NORMAL
2,1,1,2,0,0.6666666666666666,2,1.0,2,0,1,1,1,0,0,14,4,0,0,0,0,0,1,0.6667,NORMAL
1,3,0,2,0,0.25,3,0.3333333333333333,2,0,1,0,1,0,0,10,4,0,0,0,0,0,1,1.5,NORMAL
3,2,2,3,0,0.6,2,1.5,1,1,0,1,1,1,0,4,5,1,0,1,1,1,1,0.5,ATTACK
35,0,0,5,0,1.0,2,17.5,1,1,0,0,1,0,0,15,1,0,0,1,0,1,0,0.0556,ATTACK
0,2,1,1,0,0.0,2,0.0,1,0,0,0,1,0,0,10,1,0,0,0,0,0,0,2.0,NORMAL
1,3,0,1,0,0.25,3,0.3333333333333333,2,1,1,0,1,0,0,18,1,0,0,0,0,0,1,1.5,NORMAL
4,3,0,1,0,0.5714285714285714,3,1.3333333333333333,1,0,0,0,1,0,0,16,2,0,0,0,0,0,1,0.6,NORMAL
0,3,1,2,0,0.0,2,0.0,2,0,1,0,1,1,0,8,3,0,0,1,0,0,0,2.0,NORMAL
0,2,0,1,0,0.0,2,0.0,2,0,1,0,1,1,0,7,4,0,0,0,0,0,0,2.0,NORMAL
2,2,0,0,0,0.5,3,0.6666666666666666,1,0,0,0,1,0,0,7,2,0,0,0,0,1,1,1.0,NORMAL
3,2,2,3,0,0.6,1,3.0,1,1,0,1,1,1,0,0,5,1,0,1,1,1,1,0.25,ATTACK
0,2,0,0,0,0.0,3,0.0,1,0,0,0,1,1,0,9,4,0,0,0,0,1,0,3.0,NORMAL
0,3,0,1,0,0.0,3,0.0,2,0,1,0,1,0,0,0,2,1,0,0,0,0,0,3.0,NORMAL
5,3,0,0,0,0.625,5,1.0,1,0,0,0,1,0,0,13,0,0,0,0,0,0,1,0.8333,NORMAL
2,2,0,0,0,0.5,2,1.0,2,0,1,0,1,1,0,9,1,0,1,0,1,0,1,0.6667,NORMAL
19,1,0,5,0,0.95,23,0.8260869565217391,5,1,1,0,1,0,0,20,4,0,0,1,1,1,1,1.15,ATTACK
74,0,0,5,0,1.0,2,37.0,2,0,1,0,1,0,0,0,6,1,1,1,1,1,0,0.0267,ATTACK
0,2,0,1,0,0.0,2,0.0,2,0,1,0,1,0,0,13,4,0,0,1,0,0,0,2.0,NORMAL
0,3,0,1,0,0.0,1,0.0,1,0,0,0,1,0,0,8,4,0,0,0,1,0,0,1.0,NORMAL
0,2,0,1,0,0.0,1,0.0,2,0,1,0,1,0,0,8,4,0,1,0,0,0,0,1.0,NORMAL
2,2,0,0,0,0.5,1,2.0,2,0,1,0,1,0,0,20,2,0,0,0,0,0,1,0.3333,NORMAL
51,0,0,5,0,1.0,2,25.5,2,0,1,0,1,0,0,4,2,1,0,0,1,1,0,0.0385,ATTACK
0,1,0,1,0,0.0,3,0.0,2,0,1,0,1,0,0,20,0,0,0,0,1,0,0,3.0,NORMAL
29,1,0,5,0,0.9666666666666667,2,14.5,1,0,0,0,1,0,0,3,1,1,0,1,0,1,1,0.0667,ATTACK
2,1,1,0,0,0.6666666666666666,3,0.6666666666666666,1,0,0,1,1,1,0,9,3,0,0,0,0,0,1,1.0,NORMAL
2,3,0,0,0,0.4,1,2.0,2,0,1,0,1,0,0,9,3,0,0,0,0,0,1,0.3333,NORMAL
2,1,0,1,0,0.6666666666666666,3,0.6666666666666666,2,0,1,0,1,0,0,19,1,0,0,0,0,0,1,1.0,NORMAL
0,3,0,2,0,0.0,2,0.0,2,0,1,0,1,0,0,20,2,0,0,0,0,1,0,2.0,NORMAL
1,3,0,2,0,0.25,1,1.0,1,0,0,0,1,0,0,19,0,0,0,0,0,0,1,0.5,NORMAL
59,1,0,5,0,0.9833333333333333,2,29.5,2,0,1,0,1,0,0,19,1,0,1,1,0,1,1,0.0333,ATTACK
0,2,0,1,0,0.0,1,0.0,1,0,0,0,1,0,0,15,4,0,0,0,0,0,0,1.0,NORMAL
0,2,0,1,0,0.0,2,0.0,2,0,1,0,1,0,0,17,4,0,0,0,0,0,0,2.0,NORMAL
18,1,0,5,0,0.9473684210526315,12,1.5,9,0,1,0,1,0,0,13,5,0,0,1,1,1,1,0.6316,ATTACK
1,3,0,1,0,0.25,1,1.0,1,0,0,0,1,1,0,19,3,0,0,0,0,0,1,0.5,NORMAL
25,0,0,3,0,1.0,32,0.78125,9,1,1,0,1,0,0,14,5,0,0,1,1,1,0,1.2308,ATTACK
6,2,0,1,0,0.75,3,2.0,1,0,0,0,1,1,0,18,3,0,0,1,0,0,1,0.4286,NORMAL
2,1,0,2,0,0.6666666666666666,2,1.0,1,0,0,0,1,0,0,8,0,0,0,0,0,0,1,0.6667,NORMAL
2,2,0,1,0,0.5,3,0.6666666666666666,1,0,0,0,1,0,0,15,2,0,0,1,0,0,1,1.0,NORMAL
34,1,0,5,0,0.9714285714285714,1,34.0,1,1,0,0,1,0,0,16,4,0,1,1,1,1,1,0.0286,ATTACK
1,2,0,2,0,0.3333333333333333,3,0.3333333333333333,1,0,0,0,1,0,0,13,3,0,0,0,0,1,1,1.5,NORMAL
1,1,0,2,0,0.5,2,0.5,1,0,0,0,1,0,0,10,3,0,0,0,0,0,1,1.0,NORMAL
5,2,0,2,0,0.7142857142857143,5,1.0,1,0,0,0,1,0,0,5,2,1,0,0,0,0,1,0.8333,NORMAL
2,1,0,2,0,0.6666666666666666,2,1.0,1,0,0,0,1,1,0,11,2,0,0,0,0,1,1,0.6667,NORMAL
2,3,0,2,0,0.4,1,2.0,2,1,1,0,1,0,0,9,3,0,0,0,0,1,1,0.3333,NORMAL
0,1,0,1,0,0.0,2,0.0,2,0,1,0,1,0,0,19,1,0,0,1,0,0,0,2.0,NORMAL
1,3,0,0,0,0.25,1,1.0,1,0,0,0,1,1,0,15,2,0,0,0,0,0,1,0.5,NORMAL
0,2,1,3,0,0.0,2,0.0,1,1,0,0,1,1,0,19,2,0,0,1,0,1,0,2.0,ATTACK
75,1,0,4,0,0.9868421052631579,2,37.5,1,0,0,0,1,0,0,0,1,1,0,1,0,1,1,0.0263,ATTACK
27,0,0,3,0,1.0,2,13.5,1,0,0,0,1,0,0,7,4,0,0,0,1,1,0,0.0714,ATTACK
2,1,0,0,0,0.6666666666666666,1,2.0,2,0,1,0,1,0,0,16,1,0,0,1,0,0,1,0.3333,NORMAL
2,1,0,0,0,0.6666666666666666,1,2.0,1,0,0,0,1,0,0,10,4,0,1,0,1,0,1,0.3333,NORMAL
50,1,0,4,0,0.9803921568627451,1,50.0,1,1,0,0,1,0,0,6,6,0,0,0,0,1,1,0.0196,ATTACK
1,2,0,2,0,0.3333333333333333,2,0.5,2,0,1,0,1,1,0,10,0,0,0,0,0,0,1,1.0,NORMAL
30,0,0,4,0,1.0,2,15.0,1,1,0,0,1,0,0,22,1,1,0,1,0,1,0,0.0645,ATTACK
1,2,0,0,0,0.3333333333333333,3,0.3333333333333333,1,0,0,0,1,0,0,5,4,1,0,0,0,0,1,1.5,NORMAL
2,2,0,2,0,0.5,3,0.6666666666666666,2,0,1,0,1,0,0,14,0,0,1,0,0,1,1,1.0,NORMAL
26,0,0,5,0,1.0,1,26.0,2,1,1,0,1,0,0,3,5,1,0,0,0,1,0,0.037,ATTACK
2,1,0,0,0,0.6666666666666666,3,0.6666666666666666,2,0,1,0,1,0,0,22,1,1,0,0,1,0,1,1.0,NORMAL
1,1,0,0,0,0.5,1,1.0,2,0,1,0,1,0,0,15,2,0,0,0,0,0,1,0.5,NORMAL
1,1,0,2,0,0.5,1,1.0,1,0,0,0,1,0,0,18,2,0,1,0,1,0,1,0.5,NORMAL
2,1,0,0,0,0.6666666666666666,1,2.0,1,0,0,0,1,0,0,7,0,0,0,0,0,0,1,0.3333,NORMAL
37,1,0,2,0,0.9736842105263158,21,1.7619047619047619,18,0,1,0,1,0,0,16,4,0,0,1,1,1,1,0.5526,ATTACK
2,3,0,1,0,0.4,3,0.6666666666666666,1,1,0,0,1,0,0,11,4,0,0,0,0,0,1,1.0,NORMAL
0,2,0,1,0,0.0,1,0.0,2,0,1,0,1,0,0,14,0,0,0,0,0,0,0,1.0,NORMAL
2,2,0,2,0,0.5,1,2.0,2,0,1,0,1,1,0,16,4,0,0,1,0,0,1,0.3333,NORMAL
0,2,0,0,0,0.0,2,0.0,1,0,0,0,1,0,0,20,1,0,1,0,1,0,0,2.0,NORMAL
45,1,0,2,0,0.9782608695652174,1,45.0,2,1,1,0,1,0,0,3,5,1,0,0,1,1,1,0.0217,ATTACK
1,1,0,0,0,0.5,2,0.5,1,0,0,0,1,0,0,15,2,0,0,0,0,0,1,1.0,NORMAL
0,3,0,0,0,0.0,2,0.0,2,0,1,0,1,0,0,13,1,0,0,0,1,0,0,2.0,NORMAL
0,1,0,1,0,0.0,1,0.0,1,0,0,0,1,0,0,7,2,0,1,0,0,0,0,1.0,NORMAL
39,1,0,2,0,0.975,15,2.6,14,1,1,0,1,0,0,2,6,1,0,0,0,1,1,0.375,ATTACK
45,1,0,2,0,0.9782608695652174,1,45.0,1,0,0,0,1,0,0,22,1,1,1,1,0,1,1,0.0217,ATTACK
3,2,1,5,0,0.6,1,3.0,1,1,0,1,1,1,0,13,5,0,0,1,0,0,1,0.25,ATTACK
2,1,2,4,0,0.6666666666666666,2,1.0,1,1,0,1,1,1,0,7,4,0,1,1,0,1,1,0.6667,ATTACK
1,3,0,1,0,0.25,3,0.3333333333333333,1,0,0,0,1,0,0,13,4,0,0,1,0,1,1,1.5,NORMAL
0,3,0,1,0,0.0,3,0.0,2,0,1,0,1,0,0,13,3,0,0,0,1,0,0,3.0,NORMAL
0,1,0,1,0,0.0,3,0.0,1,0,0,0,1,0,0,2,2,1,0,0,0,0,0,3.0,NORMAL
39,0,0,2,0,1.0,29,1.3448275862068966,9,1,1,0,1,0,0,8,1,0,0,1,1,1,0,0.725,ATTACK
4,3,0,2,0,0.5714285714285714,4,1.0,1,0,0,0,1,1,0,14,4,0,0,0,1,0,1,0.8,NORMAL
2,3,0,1,0,0.4,1,2.0,2,0,1,0,1,1,0,13,4,0,1,0,0,0,1,0.3333,NORMAL
0,2,0,0,0,0.0,1,0.0,1,0,0,0,1,0,0,22,3,1,0,0,0,0,0,1.0,NORMAL
0,1,0,1,0,0.0,3,0.0,1,0,0,0,1,0,0,12,2,0,0,0,0,0,0,3.0,NORMAL
43,0,0,4,0,1.0,1,43.0,1,1,0,0,1,0,0,18,1,0,0,0,1,1,0,0.0227,ATTACK
11,1,0,5,0,0.9166666666666666,25,0.44,17,0,1,0,1,0,0,20,2,0,0,0,1,1,1,2.0833,ATTACK
1,2,0,2,0,0.3333333333333333,3,0.3333333333333333,2,0,1,0,1,0,0,16,2,0,0,0,0,0,1,1.5,NORMAL
2,3,0,2,0,0.4,2,1.0,2,0,1,0,1,0,0,10,4,0,0,0,0,0,1,0.6667,NORMAL
1,1,0,0,0,0.5,2,0.5,2,0,1,0,1,1,0,7,2,0,0,0,0,0,1,1.0,NORMAL
2,1,1,3,0,0.6666666666666666,1,2.0,1,1,0,1,1,1,0,10,1,0,0,1,1,0,1,0.3333,ATTACK
0,3,0,2,0,0.0,3,0.0,2,0,1,0,1,0,0,10,4,0,0,0,1,0,0,3.0,NORMAL
27,1,0,5,0,0.9642857142857143,12,2.25,6,1,1,0,1,0,0,19,5,0,0,1,1,1,1,0.4286,ATTACK
47,0,0,3,0,1.0,1,47.0,2,1,1,0,1,0,0,0,3,1,0,1,0,1,0,0.0208,ATTACK
0,2,0,1,0,0.0,2,0.0,2,0,1,0,1,0,0,10,4,0,0,0,0,0,0,2.0,NORMAL
0,3,0,0,0,0.0,1,0.0,1,0,0,0,1,0,0,18,1,0,0,0,0,0,0,1.0,NORMAL
2,3,0,0,0,0.4,1,2.0,2,0,1,0,1,0,0,7,1,0,0,0,0,0,1,0.3333,NORMAL
55,1,0,3,1,0.9821428571428571,1,55.0,2,1,1,0,1,0,0,3,4,1,0,1,1,1,1,0.0179,ATTACK
0,2,0,0,0,0.0,2,0.0,1,0,0,0,1,0,0,10,4,0,0,0,0,0,0,2.0,NORMAL
1,1,0,2,0,0.5,2,0.5,1,0,0,0,1,0,0,8,4,0,0,0,0,0,1,1.0,NORMAL
55,1,0,5,0,0.9821428571428571,1,55.0,2,1,1,0,1,0,0,19,1,0,0,0,0,1,1,0.0179,ATTACK
0,2,0,1,0,0.0,1,0.0,2,0,1,0,1,0,0,17,4,0,0,0,0,1,0,1.0,NORMAL
0,2,0,1,0,0.0,2,0.0,2,0,1,0,1,0,0,7,1,0,0,0,0,0,0,2.0,NORMAL
2,2,1,3,0,0.5,1,2.0,1,1,0,1,1,1,0,1,6,1,0,1,1,1,1,0.3333,ATTACK
32,1,0,2,0,0.9696969696969697,33,0.9696969696969697,11,1,1,0,1,0,0,17,5,0,0,0,0,1,1,1.0,ATTACK
1,3,1,1,0,0.25,2,0.5,1,0,0,1,1,0,0,0,4,1,0,0,1,1,1,1.0,NORMAL
1,2,0,0,0,0.3333333333333333,2,0.5,1,0,0,0,1,0,0,1,0,1,0,0,1,1,1,1.0,NORMAL
0,1,0,0,0,0.0,3,0.0,1,0,0,0,1,0,0,16,2,0,0,0,0,0,0,3.0,NORMAL
0,3,0,2,0,0.0,2,0.0,2,0,1,0,1,0,0,5,1,1,0,0,0,0,0,2.0,NORMAL
1,3,0,2,0,0.25,1,1.0,2,0,1,0,1,1,0,11,4,0,1,0,0,0,1,0.5,NORMAL
0,1,0,1,0,0.0,2,0.0,1,0,0,0,1,0,0,13,0,0,0,0,0,0,0,2.0,NORMAL
2,2,0,0,0,0.5,2,1.0,1,0,0,0,1,0,0,14,2,0,0,1,0,0,1,0.6667,NORMAL
1,1,0,0,0,0.5,2,0.5,2,0,1,0,1,0,0,16,3,0,0,1,0,0,1,1.0,NORMAL
0,2,0,2,0,0.0,1,0.0,1,0,0,0,1,0,0,12,1,0,0,0,0,0,0,1.0,NORMAL
53,1,0,3,0,0.9814814814814815,1,53.0,1,0,0,0,1,0,0,7,0,0,0,1,1,1,1,0.0185,ATTACK
0,3,0,2,0,0.0,2,0.0,2,0,1,0,1,0,0,18,4,0,0,0,0,1,0,2.0,NORMAL
1,2,0,2,0,0.3333333333333333,2,0.5,1,0,0,0,1,0,0,8,3,0,0,0,0,0,1,1.0,NORMAL
67,1,0,3,0,0.9852941176470589,2,33.5,1,0,0,0,1,0,0,23,1,1,0,1,0,1,1,0.0294,ATTACK
1,2,0,2,0,0.3333333333333333,3,0.3333333333333333,1,0,0,0,1,0,0,21,2,0,1,1,0,0,1,1.5,NORMAL
0,1,0,2,0,0.0,2,0.0,2,0,1,0,1,0,0,11,1,0,0,0,1,0,0,2.0,NORMAL
4,1,0,0,0,0.8,4,1.0,1,0,0,0,1,0,0,12,4,0,0,0,0,0,1,0.8,NORMAL
2,3,0,2,0,0.4,2,1.0,1,0,0,0,1,0,0,20,2,0,0,0,0,1,1,0.6667,NORMAL
1,1,0,2,0,0.5,3,0.3333333333333333,2,0,1,0,1,0,0,15,2,0,0,0,1,0,1,1.5,NORMAL
2,2,0,2,0,0.5,1,2.0,2,1,1,0,1,0,0,1,1,1,1,0,0,0,1,0.3333,NORMAL
2,1,0,0,0,0.6666666666666666,1,2.0,2,0,1,0,1,0,0,5,2,1,0,0,0,1,1,0.3333,NORMAL
3,2,0,1,0,0.6,4,0.75,2,0,1,0,1,0,0,8,0,0,0,0,0,0,1,1.0,NORMAL
5,3,0,2,0,0.625,3,1.6666666666666667,1,0,0,0,1,0,0,10,1,0,0,0,0,0,1,0.5,NORMAL
3,2,0,0,0,0.6,3,1.0,1,0,0,0,1,0,0,15,3,0,0,1,0,0,1,0.75,NORMAL
0,1,2,2,1,0.0,1,0.0,1,0,0,0,1,1,0,14,6,0,0,1,1,1,0,1.0,ATTACK
15,0,0,3,0,1.0,12,1.25,5,0,1,0,1,0,0,9,2,0,0,1,1,1,0,0.75,ATTACK
2,3,0,2,0,0.4,1,2.0,1,0,0,0,1,0,0,9,3,0,1,0,0,1,1,0.3333,NORMAL
25,0,0,2,0,1.0,14,1.7857142857142858,15,1,1,0,1,0,0,3,0,1,0,0,0,1,0,0.5385,ATTACK
19,1,0,5,0,0.95,23,0.8260869565217391,7,1,1,0,1,0,0,8,2,0,0,0,1,1,1,1.15,ATTACK
2,2,0,2,0,0.5,1,2.0,1,0,0,0,1,1,0,12,4,0,0,0,0,0,1,0.3333,NORMAL
1,1,2,3,0,0.5,2,0.5,1,1,0,1,1,1,0,17,5,0,1,0,1,0,1,1.0,ATTACK
1,1,0,0,0,0.5,1,1.0,1,0,0,0,1,0,0,8,4,0,0,0,0,0,1,0.5,NORMAL
2,2,0,2,0,0.5,2,1.0,2,0,1,0,1,0,0,17,4,0,1,0,0,0,1,0.6667,NORMAL
0,2,0,1,0,0.0,1,0.0,1,0,0,0,1,0,0,12,4,0,0,0,0,0,0,1.0,NORMAL
0,2,2,3,0,0.0,1,0.0,1,1,0,0,1,1,0,17,5,0,0,1,1,0,0,1.0,ATTACK
3,2,0,2,0,0.6,3,1.0,1,0,0,0,1,0,0,14,1,0,0,0,1,0,1,0.75,NORMAL
1,1,0,2,0,0.5,3,0.3333333333333333,1,1,0,0,1,0,0,18,1,0,0,1,1,0,1,1.5,NORMAL
1,2,0,0,0,0.3333333333333333,1,1.0,2,0,1,0,1,0,0,16,2,0,0,0,0,0,1,0.5,NORMAL
0,2,0,2,0,0.0,1,0.0,2,0,1,0,1,1,0,16,1,0,0,0,0,0,0,1.0,NORMAL
2,2,0,2,0,0.5,2,1.0,1,0,0,0,1,0,0,16,2,0,0,0,0,0,1,0.6667,NORMAL
2,1,0,1,0,0.6666666666666666,1,2.0,2,0,1,0,1,0,0,14,1,0,1,0,0,0,1,0.3333,NORMAL
1,1,0,0,0,0.5,3,0.3333333333333333,1,0,0,0,1,0,0,7,0,0,0,0,0,0,1,1.5,NORMAL
2,2,0,1,0,0.5,1,2.0,1,1,0,0,1,0,0,15,3,0,0,0,1,1,1,0.3333,NORMAL
0,1,0,1,0,0.0,1,0.0,2,0,1,0,1,0,0,16,0,0,0,1,0,0,0,1.0,NORMAL
1,1,1,2,0,0.5,1,1.0,1,0,0,1,1,1,0,23,5,1,1,1,1,1,1,0.5,ATTACK
0,1,0,2,0,0.0,3,0.0,1,1,0,0,1,0,0,0,1,1,0,0,0,1,0,3.0,NORMAL
0,2,1,1,0,0.0,2,0.0,1,0,0,0,1,0,0,19,3,0,1,1,0,0,0,2.0,NORMAL
38,0,0,5,1,1.0,14,2.7142857142857144,13,1,1,0,1,0,0,20,4,0,0,1,0,1,0,0.359,ATTACK
0,1,1,5,0,0.0,2,0.0,1,0,0,0,1,1,0,6,3,0,0,0,0,0,0,2.0,ATTACK
5,2,0,0,0,0.7142857142857143,2,2.5,1,0,0,0,1,0,0,1,0,1,1,0,0,0,1,0.3333,NORMAL
2,1,0,0,0,0.6666666666666666,2,1.0,1,0,0,0,1,0,0,2,3,1,0,0,0,0,1,0.6667,NORMAL
2,2,0,1,0,0.5,2,1.0,1,0,0,0,1,0,0,8,4,0,1,0,0,0,1,0.6667,NORMAL
1,3,0,0,0,0.25,3,0.3333333333333333,2,0,1,0,1,0,0,15,4,0,1,0,1,0,1,1.5,NORMAL
1,2,0,1,0,0.3333333333333333,2,0.5,2,0,1,0,1,1,0,8,2,0,0,0,1,0,1,1.0,NORMAL
24,0,0,5,0,1.0,12,2.0,14,1,1,0,1,0,0,2,3,1,0,1,0,1,0,0.48,ATTACK
1,2,0,1,0,0.3333333333333333,2,0.5,2,0,1,0,1,1,0,8,4,0,0,0,0,0,1,1.0,NORMAL
2,3,0,2,0,0.4,2,1.0,1,0,0,0,1,1,0,15,1,0,0,0,0,0,1,0.6667,NORMAL
0,3,0,2,0,0.0,1,0.0,1,0,0,0,1,0,0,15,4,0,1,1,0,0,0,1.0,NORMAL
1,2,2,5,0,0.3333333333333333,1,1.0,1,1,0,1,1,1,0,9,1,0,1,1,0,0,1,0.5,ATTACK
1,2,0,0,0,0.3333333333333333,2,0.5,2,0,1,0,1,1,0,14,3,0,1,0,0,0,1,1.0,NORMAL
0,2,0,0,0,0.0,3,0.0,1,0,0,0,1,0,0,13,2,0,0,1,0,0,0,3.0,NORMAL
1,3,0,0,0,0.25,1,1.0,2,0,1,0,1,0,0,18,0,0,0,0,0,0,1,0.5,NORMAL
1,1,0,0,0,0.5,1,1.0,2,0,1,0,1,0,0,10,3,0,0,0,0,0,1,0.5,NORMAL
32,1,0,5,0,0.9696969696969697,17,1.8823529411764706,16,1,1,0,1,0,0,5,0,1,1,1,1,1,1,0.5152,ATTACK
0,1,0,2,0,0.0,3,0.0,2,0,1,0,1,0,0,0,2,1,0,1,0,0,0,3.0,NORMAL
53,1,0,5,1,0.9814814814814815,2,26.5,2,0,1,0,1,0,0,3,5,1,0,0,1,1,1,0.037,ATTACK
2,3,0,2,0,0.4,2,1.0,2,0,1,0,1,0,0,6,2,0,0,0,0,0,1,0.6667,NORMAL
1,3,0,0,0,0.25,3,0.3333333333333333,2,0,1,0,1,0,0,14,3,0,0,0,0,0,1,1.5,NORMAL
1,2,0,0,0,0.3333333333333333,3,0.3333333333333333,1,0,0,0,1,0,0,23,0,1,0,0,1,0,1,1.5,NORMAL
68,1,0,3,0,0.9855072463768116,2,34.0,1,1,0,0,1,0,0,4,1,1,1,1,1,1,1,0.029,ATTACK
4,3,0,0,0,0.5714285714285714,3,1.3333333333333333,2,0,1,0,1,0,0,9,4,0,0,0,0,1,1,0.6,NORMAL
2,1,0,0,0,0.6666666666666666,1,2.0,1,0,0,0,1,0,0,9,1,0,0,0,0,0,1,0.3333,NORMAL
1,2,1,2,0,0.3333333333333333,1,1.0,1,0,0,1,1,1,0,14,1,0,0,1,1,0,1,0.5,ATTACK
0,2,0,0,0,0.0,3,0.0,1,0,0,0,1,0,0,0,1,1,0,0,0,0,0,3.0,NORMAL
2,3,0,2,0,0.4,2,1.0,1,0,0,0,1,0,0,11,1,0,0,0,0,0,1,0.6667,NORMAL
1,1,2,5,0,0.5,1,1.0,1,0,0,1,1,1,0,4,0,1,0,0,1,1,1,0.5,ATTACK
47,0,0,3,0,1.0,1,47.0,1,0,0,0,1,0,0,9,3,0,0,1,1,1,0,0.0208,ATTACK
4,2,0,2,0,0.6666666666666666,5,0.8,1,0,0,0,1,1,0,16,2,0,0,0,0,0,1,1.0,NORMAL
1,2,0,2,0,0.3333333333333333,2,0.5,1,0,0,0,1,1,0,7,3,0,0,1,0,0,1,1.0,NORMAL
2,1,0,0,0,0.6666666666666666,1,2.0,2,0,1,0,1,0,0,19,3,0,0,0,0,0,1,0.3333,NORMAL
1,3,0,1,0,0.25,2,0.5,2,0,1,0,1,0,0,15,1,0,0,0,0,0,1,1.0,NORMAL
0,2,0,0,0,0.0,1,0.0,2,0,1,0,1,0,0,16,3,0,0,0,0,0,0,1.0,NORMAL
1,2,0,1,0,0.3333333333333333,2,0.5,2,0,1,0,1,0,0,11,0,0,0,0,0,0,1,1.0,NORMAL
79,0,0,2,0,1.0,2,39.5,2,1,1,0,1,0,0,3,6,1,0,1,1,1,0,0.025,ATTACK
2,2,0,0,0,0.5,2,1.0,2,0,1,0,1,1,0,12,3,0,0,1,0,0,1,0.6667,NORMAL
1,2,0,1,0,0.3333333333333333,3,0.3333333333333333,2,0,1,0,1,0,0,6,4,0,0,0,0,0,1,1.5,NORMAL
2,1,1,2,0,0.6666666666666666,1,2.0,1,1,0,1,1,1,0,2,1,1,1,1,1,1,1,0.3333,ATTACK
0,1,0,1,0,0.0,3,0.0,1,0,0,0,1,0,0,7,0,0,0,0,0,0,0,3.0,NORMAL
1,2,0,2,0,0.3333333333333333,1,1.0,1,0,0,0,1,1,0,15,2,0,0,0,0,0,1,0.5,NORMAL
1,3,0,2,0,0.25,1,1.0,2,0,1,0,1,0,0,11,0,0,1,0,1,0,1,0.5,NORMAL
2,3,0,1,0,0.4,2,1.0,1,1,0,0,1,0,0,10,0,0,1,1,1,1,1,0.6667,NORMAL
0,2,0,0,0,0.0,2,0.0,2,0,1,0,1,0,0,14,1,0,0,0,0,0,0,2.0,NORMAL
0,2,0,1,0,0.0,3,0.0,1,0,0,0,1,1,0,3,1,1,0,0,0,1,0,3.0,NORMAL
2,3,1,0,0,0.4,2,1.0,1,0,0,1,1,0,0,0,1,1,0,0,0,1,1,0.6667,NORMAL
2,1,1,2,0,0.6666666666666666,2,1.0,1,1,0,1,1,1,0,15,1,0,0,0,0,1,1,0.6667,ATTACK
1,2,0,0,0,0.3333333333333333,3,0.3333333333333333,2,0,1,0,1,0,0,8,2,0,0,0,0,0,1,1.5,NORMAL
2,1,0,0,0,0.6666666666666666,3,0.6666666666666666,2,0,1,0,1,0,0,13,0,0,0,0,0,0,1,1.0,NORMAL
0,3,0,1,0,0.0,3,0.0,2,0,1,0,1,1,0,14,2,0,0,0,0,0,0,3.0,NORMAL
1,1,0,2,0,0.5,1,1.0,2,0,1,0,1,0,0,19,0,0,0,0,0,0,1,0.5,NORMAL
35,0,0,3,0,1.0,2,17.5,1,0,0,0,1,0,0,17,4,0,0,0,0,1,0,0.0556,ATTACK
5,3,0,0,0,0.625,2,2.5,2,0,1,0,1,0,0,12,4,0,0,1,0,0,1,0.3333,NORMAL
52,1,0,2,0,0.9811320754716981,1,52.0,1,0,0,0,1,0,0,17,6,0,0,1,1,1,1,0.0189,ATTACK
2,2,0,0,0,0.5,2,1.0,2,0,1,0,1,1,0,17,4,0,0,0,0,0,1,0.6667,NORMAL
2,3,0,2,0,0.4,2,1.0,2,0,1,0,1,0,0,17,0,0,0,0,0,0,1,0.6667,NORMAL
2,2,0,2,0,0.5,2,1.0,1,0,0,0,1,0,0,5,0,1,0,0,0,0,1,0.6667,NORMAL
0,1,0,0,0,0.0,2,0.0,2,0,1,0,1,0,0,16,3,0,0,0,0,1,0,2.0,NORMAL
0,1,2,2,0,0.0,2,0.0,1,1,0,0,1,1,0,0,2,1,0,1,1,1,0,2.0,ATTACK
1,1,0,0,0,0.5,1,1.0,2,0,1,0,1,1,0,14,4,0,0,0,0,0,1,0.5,NORMAL
0,2,0,0,0,0.0,1,0.0,1,0,0,0,1,0,0,7,0,0,0,0,0,0,0,1.0,NORMAL
2,1,1,2,0,0.6666666666666666,3,0.6666666666666666,2,0,1,1,1,0,0,19,2,0,0,0,0,0,1,1.0,NORMAL
0,2,0,1,0,0.0,2,0.0,1,0,0,0,1,0,0,7,1,0,0,0,0,0,0,2.0,NORMAL
1,1,1,1,0,0.5,1,1.0,2,0,1,1,1,1,0,8,1,0,0,0,0,0,1,0.5,NORMAL
0,1,0,0,0,0.0,1,0.0,2,0,1,0,1,0,0,13,1,0,0,1,1,1,0,1.0,NORMAL
1,1,2,2,0,0.5,1,1.0,1,0,0,1,1,1,0,18,5,0,0,1,1,1,1,0.5,ATTACK
33,0,0,5,0,1.0,39,0.8461538461538461,11,1,1,0,1,0,0,16,4,0,1,0,0,1,0,1.1471,ATTACK
0,1,0,2,0,0.0,2,0.0,1,0,0,0,1,0,0,16,3,0,0,0,0,0,0,2.0,NORMAL
0,1,0,0,0,0.0,2,0.0,2,0,1,0,1,0,0,2,4,1,0,0,0,0,0,2.0,NORMAL
3,1,2,5,0,0.75,2,1.5,1,0,0,1,1,1,0,15,4,0,0,1,1,0,1,0.5,ATTACK
2,3,0,0,0,0.4,3,0.6666666666666666,2,0,1,0,1,0,0,1,2,1,0,1,0,0,1,1.0,NORMAL
76,1,0,4,0,0.987012987012987,1,76.0,1,0,0,0,1,0,0,7,0,0,1,0,1,1,1,0.013,ATTACK
0,2,0,0,0,0.0,2,0.0,2,0,1,0,1,0,0,15,4,0,0,1,0,0,0,2.0,NORMAL
2,2,0,2,0,0.5,2,1.0,1,0,0,0,1,0,0,11,2,0,0,0,0,0,1,0.6667,NORMAL
2,3,0,1,0,0.4,3,0.6666666666666666,1,0,0,0,1,0,0,8,1,0,0,0,0,1,1,1.0,NORMAL
0,1,0,0,0,0.0,1,0.0,1,0,0,0,1,0,0,7,1,0,0,0,0,0,0,1.0,NORMAL
1,1,2,3,0,0.5,2,0.5,1,1,0,1,1,1,0,6,0,0,1,1,1,0,1,1.0,ATTACK
0,3,0,1,0,0.0,1,0.0,2,0,1,0,1,0,0,12,1,0,0,0,0,0,0,1.0,NORMAL
10,0,0,5,0,1.0,22,0.45454545454545453,11,1,1,0,1,0,0,6,5,0,1,1,1,1,0,2.0,ATTACK
1,2,0,1,0,0.3333333333333333,3,0.3333333333333333,2,0,1,0,1,1,0,19,4,0,1,0,0,0,1,1.5,NORMAL
2,3,0,0,0,0.4,1,2.0,2,0,1,0,1,1,0,10,4,0,1,0,0,0,1,0.3333,NORMAL
24,1,0,3,0,0.96,14,1.7142857142857142,16,1,1,0,1,0,0,16,3,0,0,0,1,1,1,0.56,ATTACK
0,1,1,2,0,0.0,3,0.0,1,0,0,0,1,0,0,23,0,1,0,0,0,1,0,3.0,NORMAL
3,3,0,1,0,0.5,4,0.75,2,0,1,0,1,0,0,16,2,0,0,0,0,0,1,1.0,NORMAL
2,2,0,2,0,0.5,3,0.6666666666666666,2,0,1,0,1,0,0,9,0,0,0,0,0,0,1,1.0,NORMAL
66,1,0,3,0,0.9850746268656716,1,66.0,2,0,1,0,1,0,0,8,0,0,0,1,0,1,1,0.0149,ATTACK
1,3,0,2,0,0.25,2,0.5,1,0,0,0,1,0,0,14,2,0,0,0,0,0,1,1.0,NORMAL
0,1,0,1,0,0.0,2,0.0,1,0,0,0,1,0,0,11,3,0,0,0,0,0,0,2.0,NORMAL
0,3,0,0,0,0.0,1,0.0,2,1,1,0,1,0,0,19,2,0,0,0,1,0,0,1.0,NORMAL
3,1,1,3,0,0.75,2,1.5,1,0,0,1,1,1,0,11,0,0,1,1,1,0,1,0.5,ATTACK
0,2,0,1,0,0.0,2,0.0,1,0,0,0,1,0,0,10,1,0,0,0,0,0,0,2.0,NORMAL
66,1,0,2,0,0.9850746268656716,1,66.0,2,1,1,0,1,0,0,17,1,0,0,0,0,1,1,0.0149,ATTACK
2,2,0,0,0,0.5,2,1.0,1,0,0,0,1,0,0,15,0,0,0,0,0,0,1,0.6667,NORMAL
0,3,0,2,0,0.0,3,0.0,1,0,0,0,1,0,0,15,0,0,0,0,0,0,0,3.0,NORMAL
67,1,0,2,0,0.9852941176470589,1,67.0,1,1,0,0,1,0,0,19,1,0,0,1,1,1,1,0.0147,ATTACK
2,3,0,1,0,0.4,1,2.0,2,0,1,0,1,0,0,11,2,0,0,0,0,0,1,0.3333,NORMAL
2,1,0,0,0,0.6666666666666666,1,2.0,2,0,1,0,1,1,0,9,1,0,0,0,0,0,1,0.3333,NORMAL
4,1,0,1,0,0.8,4,1.0,2,0,1,0,1,0,0,12,3,0,0,0,0,0,1,0.8,NORMAL
23,0,0,5,1,1.0,2,11.5,1,1,0,0,1,0,0,3,4,1,0,0,0,1,0,0.0833,ATTACK
0,3,0,1,0,0.0,3,0.0,2,0,1,0,1,1,0,15,3,0,0,0,0,0,0,3.0,NORMAL
0,2,0,1,0,0.0,3,0.0,1,0,0,0,1,1,0,12,1,0,0,0,0,0,0,3.0,NORMAL
42,0,0,3,0,1.0,2,21.0,1,1,0,0,1,0,0,2,1,1,0,0,1,1,0,0.0465,ATTACK
0,3,0,1,0,0.0,1,0.0,2,0,1,0,1,0,0,12,4,0,0,0,0,0,0,1.0,NORMAL
1,3,0,0,0,0.25,1,1.0,1,0,0,0,1,0,0,9,4,0,0,1,0,0,1,0.5,NORMAL
1,1,0,2,0,0.5,1,1.0,2,0,1,0,1,0,0,10,3,0,0,0,0,0,1,0.5,NORMAL
0,1,1,1,0,0.0,1,0.0,1,0,0,0,1,0,0,8,3,0,0,0,0,0,0,1.0,NORMAL
0,3,0,0,0,0.0,3,0.0,2,0,1,0,1,0,0,16,0,0,0,0,0,0,0,3.0,NORMAL
2,2,0,1,0,0.5,1,2.0,2,1,1,0,1,0,0,14,4,0,0,0,0,0,1,0.3333,NORMAL
2,1,0,2,0,0.6666666666666666,3,0.6666666666666666,2,0,1,0,1,0,0,1,3,1,0,1,0,0,1,1.0,NORMAL
1,1,1,0,0,0.5,2,0.5,1,0,0,1,1,1,0,18,0,0,0,0,1,0,1,1.0,NORMAL
0,3,0,2,0,0.0,1,0.0,2,0,1,0,1,1,0,14,0,0,0,0,0,0,0,1.0,NORMAL
1,2,1,4,0,0.3333333333333333,1,1.0,1,1,0,1,1,1,0,1,3,1,0,1,1,1,1,0.5,ATTACK
6,1,0,1,0,0.8571428571428571,3,2.0,1,0,0,0,1,0,0,7,4,0,0,0,0,0,1,0.4286,NORMAL
1,1,0,2,0,0.5,1,1.0,2,0,1,0,1,0,0,16,0,0,1,0,1,0,1,0.5,NORMAL
1,3,0,1,0,0.25,3,0.3333333333333333,1,0,0,0,1,0,0,11,0,0,0,0,0,0,1,1.5,NORMAL
1,3,0,0,0,0.25,1,1.0,2,1,1,0,1,1,0,10,2,0,0,0,1,0,1,0.5,NORMAL
2,3,0,1,0,0.4,2,1.0,1,0,0,0,1,0,0,8,0,0,1,0,0,0,1,0.6667,NORMAL
1,2,0,1,0,0.3333333333333333,2,0.5,2,0,1,0,1,0,0,7,3,0,0,0,0,0,1,1.0,NORMAL
1,2,0,1,0,0.3333333333333333,2,0.5,1,1,0,0,1,0,0,8,4,0,0,0,0,0,1,1.0,NORMAL
35,0,0,2,0,1.0,14,2.5,15,1,1,0,1,0,0,7,2,0,1,0,0,1,0,0.3889,ATTACK
2,3,0,1,0,0.4,2,1.0,2,0,1,0,1,1,0,14,2,0,0,0,0,0,1,0.6667,NORMAL
3,1,2,2,0,0.75,2,1.5,1,1,0,1,1,1,0,0,4,1,1,0,1,1,1,0.5,ATTACK
2,2,2,2,0,0.5,2,1.0,1,1,0,1,1,1,0,9,1,0,1,1,0,0,1,0.6667,ATTACK
67,1,0,5,0,0.9852941176470589,1,67.0,1,1,0,0,1,0,0,6,0,0,1,1,1,1,1,0.0147,ATTACK
19,1,0,3,1,0.95,26,0.7307692307692307,13,1,1,0,1,0,0,23,5,1,1,1,1,1,1,1.3,ATTACK
1,2,0,0,0,0.3333333333333333,3,0.3333333333333333,2,0,1,0,1,0,0,11,3,0,0,0,0,0,1,1.5,NORMAL
2,3,0,1,0,0.4,3,0.6666666666666666,2,1,1,0,1,1,0,3,1,1,0,0,0,0,1,1.0,NORMAL
1,2,0,2,0,0.3333333333333333,1,1.0,1,0,0,0,1,0,0,7,4,0,0,0,0,0,1,0.5,NORMAL
33,1,0,4,0,0.9705882352941176,2,16.5,2,1,1,0,1,0,0,15,1,0,0,0,1,1,1,0.0588,ATTACK
2,2,1,5,1,0.5,1,2.0,1,1,0,1,1,1,0,3,4,1,0,0,1,1,1,0.3333,ATTACK
37,1,0,5,0,0.9736842105263158,19,1.9473684210526316,13,1,1,0,1,0,0,3,6,1,1,0,0,1,1,0.5,ATTACK
1,2,0,2,0,0.3333333333333333,2,0.5,2,0,1,0,1,0,0,13,1,0,0,0,1,0,1,1.0,NORMAL
35,1,0,2,0,0.9722222222222222,10,3.5,6,1,1,0,1,0,0,16,4,0,1,0,0,1,1,0.2778,ATTACK
4,1,1,2,0,0.8,4,1.0,1,0,0,1,1,0,0,11,3,0,0,0,0,0,1,0.8,NORMAL
1,3,0,1,0,0.25,2,0.5,2,0,1,0,1,0,0,19,4,0,0,0,0,0,1,1.0,NORMAL
2,1,2,3,0,0.6666666666666666,2,1.0,1,1,0,1,1,1,0,2,1,1,0,1,0,1,1,0.6667,ATTACK
5,1,0,0,0,0.8333333333333334,2,2.5,1,0,0,0,1,0,0,10,1,0,0,0,0,0,1,0.3333,NORMAL
3,1,0,1,0,0.75,3,1.0,2,0,1,0,1,1,0,14,2,0,0,0,0,0,1,0.75,NORMAL
0,2,0,0,0,0.0,3,0.0,2,0,1,0,1,1,0,17,0,0,0,0,1,0,0,3.0,NORMAL
2,1,0,2,0,0.6666666666666666,2,1.0,2,0,1,0,1,0,0,13,1,0,0,0,1,0,1,0.6667,NORMAL
2,1,0,1,0,0.6666666666666666,2,1.0,2,0,1,0,1,0,0,14,3,0,0,0,0,0,1,0.6667,NORMAL
0,3,0,1,0,0.0,2,0.0,1,0,0,0,1,0,0,15,0,0,0,0,0,0,0,2.0,NORMAL
1,1,0,2,0,0.5,3,0.3333333333333333,2,0,1,0,1,0,0,9,3,0,0,0,0,0,1,1.5,NORMAL
0,2,0,0,0,0.0,3,0.0,2,0,1,0,1,0,0,0,0,1,0,0,0,0,0,3.0,NORMAL
1,1,2,5,1,0.5,1,1.0,1,1,0,1,1,1,0,17,4,0,0,1,1,1,1,0.5,ATTACK
2,1,0,0,0,0.6666666666666666,3,0.6666666666666666,1,0,0,0,1,0,0,15,3,0,0,0,0,0,1,1.0,NORMAL
37,1,0,4,0,0.9736842105263158,16,2.3125,18,1,1,0,1,0,0,0,2,1,0,0,1,1,1,0.4211,ATTACK
1,1,0,1,0,0.5,1,1.0,1,0,0,0,1,0,0,12,4,0,0,0,0,0,1,0.5,NORMAL
1,1,1,0,0,0.5,2,0.5,1,0,0,1,1,1,0,9,1,0,0,0,0,1,1,1.0,NORMAL
1,1,0,0,0,0.5,3,0.3333333333333333,1,0,0,0,1,0,0,15,0,0,1,0,0,0,1,1.5,NORMAL
0,1,0,2,0,0.0,1,0.0,2,0,1,0,1,0,0,10,3,0,0,0,0,0,0,1.0,NORMAL
26,0,0,5,0,1.0,10,2.6,6,1,1,0,1,0,0,22,1,1,0,0,0,1,0,0.3704,ATTACK
2,1,0,0,0,0.6666666666666666,2,1.0,1,0,0,0,1,0,0,20,4,0,0,0,0,0,1,0.6667,NORMAL
1,1,0,1,0,0.5,1,1.0,1,0,0,0,1,1,0,4,0,1,0,0,0,0,1,0.5,NORMAL
42,1,0,3,0,0.9767441860465116,2,21.0,2,1,1,0,1,0,0,14,6,0,1,1,0,1,1,0.0465,ATTACK
2,3,0,1,0,0.4,3,0.6666666666666666,2,0,1,0,1,0,0,17,4,0,0,0,0,0,1,1.0,NORMAL
0,1,0,2,0,0.0,1,0.0,2,0,1,0,1,1,0,19,4,0,0,0,0,0,0,1.0,NORMAL
3,1,1,2,0,0.75,4,0.75,1,0,0,1,1,0,0,18,3,0,0,1,0,0,1,1.0,NORMAL
1,3,1,0,0,0.25,3,0.3333333333333333,1,0,0,1,1,0,0,11,3,0,0,0,0,0,1,1.5,NORMAL
0,2,1,2,0,0.0,1,0.0,2,0,1,0,1,0,0,7,0,0,0,0,0,0,0,1.0,NORMAL
2,3,0,2,0,0.4,3,0.6666666666666666,2,0,1,0,1,0,0,17,2,0,0,1,0,1,1,1.0,NORMAL
1,1,0,1,0,0.5,2,0.5,1,0,0,0,1,0,0,9,4,0,0,0,0,0,1,1.0,NORMAL
3,2,1,3,0,0.6,1,3.0,1,1,0,1,1,1,0,19,2,0,0,0,1,0,1,0.25,ATTACK
1,1,1,3,0,0.5,1,1.0,1,1,0,1,1,1,0,7,1,0,0,0,0,0,1,0.5,ATTACK
69,0,0,3,0,1.0,2,34.5,1,1,0,0,1,0,0,1,3,1,0,0,1,1,0,0.0286,ATTACK
2,2,0,1,0,0.5,1,2.0,1,1,0,0,1,0,0,22,2,1,0,0,1,1,1,0.3333,NORMAL
2,2,1,2,0,0.5,3,0.6666666666666666,2,0,1,1,1,0,0,17,3,0,0,0,0,0,1,1.0,NORMAL
1,1,0,0,0,0.5,1,1.0,2,0,1,0,1,0,0,20,3,0,0,0,0,0,1,0.5,NORMAL
1,1,0,2,0,0.5,1,1.0,2,0,1,0,1,1,0,15,3,0,0,1,0,1,1,0.5,NORMAL
46,1,0,2,1,0.9787234042553191,2,23.0,1,0,0,0,1,0,0,10,0,0,1,1,0,1,1,0.0426,ATTACK
2,1,0,0,0,0.6666666666666666,3,0.6666666666666666,1,1,0,0,1,0,0,18,3,0,0,0,0,0,1,1.0,NORMAL
6,3,0,1,0,0.6666666666666666,2,3.0,2,0,1,0,1,0,0,14,3,0,0,0,0,0,1,0.2857,NORMAL
2,2,0,0,0,0.5,2,1.0,2,1,1,0,1,0,0,13,1,0,0,0,0,0,1,0.6667,NORMAL
0,2,0,2,0,0.0,3,0.0,1,0,0,0,1,0,0,15,0,0,1,0,0,0,0,3.0,NORMAL
2,3,0,1,0,0.4,2,1.0,2,0,1,0,1,0,0,16,4,0,0,0,0,0,1,0.6667,NORMAL
1,2,0,0,0,0.3333333333333333,3,0.3333333333333333,1,0,0,0,1,0,0,7,4,0,0,0,0,0,1,1.5,NORMAL
2,3,0,0,0,0.4,1,2.0,1,0,0,0,1,0,0,19,3,0,1,0,0,1,1,0.3333,NORMAL
1,1,0,1,0,0.5,3,0.3333333333333333,2,0,1,0,1,0,0,19,4,0,0,0,0,0,1,1.5,NORMAL
16,0,0,3,0,1.0,19,0.8421052631578947,18,0,1,0,1,0,0,22,2,1,0,1,1,1,0,1.1176,ATTACK
2,3,0,1,0,0.4,3,0.6666666666666666,2,0,1,0,1,0,0,7,2,0,0,0,0,0,1,1.0,NORMAL
1,2,0,2,0,0.3333333333333333,3,0.3333333333333333,1,1,0,0,1,0,0,14,1,0,0,0,0,0,1,1.5,NORMAL
2,1,0,0,0,0.6666666666666666,3,0.6666666666666666,1,0,0,0,1,0,0,5,4,1,0,0,0,0,1,1.0,NORMAL
2,1,1,3,0,0.6666666666666666,2,1.0,1,1,0,1,1,1,0,21,0,0,0,1,1,0,1,0.6667,ATTACK
2,3,0,2,0,0.4,2,1.0,1,0,0,0,1,0,0,7,0,0,0,0,1,0,1,0.6667,NORMAL
1,2,1,4,0,0.3333333333333333,2,0.5,1,1,0,1,1,1,0,22,4,1,0,0,0,1,1,1.0,ATTACK
0,1,0,1,0,0.0,2,0.0,1,0,0,0,1,0,0,18,3,0,0,0,0,0,0,2.0,NORMAL
2,3,0,1,0,0.4,3,0.6666666666666666,1,0,0,0,1,0,0,9,4,0,1,0,0,0,1,1.0,NORMAL
0,2,0,1,0,0.0,3,0.0,2,0,1,0,1,0,0,17,1,0,0,1,0,0,0,3.0,NORMAL
4,1,0,1,0,0.8,4,1.0,1,0,0,0,1,1,0,2,1,1,1,1,1,0,1,0.8,NORMAL
3,3,0,1,0,0.5,4,0.75,1,0,0,0,1,0,0,23,0,1,0,0,1,0,1,1.0,NORMAL
0,1,0,0,0,0.0,1,0.0,2,0,1,0,1,1,0,11,1,0,0,0,0,0,0,1.0,NORMAL
1,1,0,0,0,0.5,2,0.5,1,0,0,0,1,0,0,15,1,0,0,1,0,0,1,1.0,NORMAL
17,1,0,5,0,0.9444444444444444,24,0.7083333333333334,5,0,1,0,1,0,0,3,6,1,1,1,1,1,1,1.3333,ATTACK
27,1,0,4,0,0.9642857142857143,23,1.173913043478261,12,1,1,0,1,0,0,11,5,0,1,0,1,1,1,0.8214,ATTACK
33,1,0,3,1,0.9705882352941176,22,1.5,17,1,1,0,1,0,0,7,0,0,0,1,0,1,1,0.6471,ATTACK
6,3,0,1,0,0.6666666666666666,2,3.0,1,0,0,0,1,0,0,7,2,0,1,0,0,1,1,0.2857,NORMAL
0,3,0,1,0,0.0,3,0.0,1,0,0,0,1,1,0,6,0,0,1,0,1,0,0,3.0,NORMAL
0,3,0,1,0,0.0,1,0.0,2,0,1,0,1,0,0,7,4,0,0,1,0,0,0,1.0,NORMAL
0,2,0,2,0,0.0,2,0.0,1,0,0,0,1,0,0,9,2,0,0,1,0,0,0,2.0,NORMAL
1,2,0,2,0,0.3333333333333333,2,0.5,1,0,0,0,1,0,0,14,0,0,0,0,1,0,1,1.0,NORMAL
1,3,0,1,0,0.25,3,0.3333333333333333,2,0,1,0,1,0,0,16,3,0,1,0,0,0,1,1.5,NORMAL
1,2,1,3,0,0.3333333333333333,2,0.5,1,0,0,1,1,1,0,18,0,0,0,1,1,0,1,1.0,ATTACK
1,3,0,1,0,0.25,1,1.0,2,0,1,0,1,1,0,13,0,0,0,0,0,0,1,0.5,NORMAL
0,1,0,1,0,0.0,1,0.0,2,0,1,0,1,0,0,17,4,0,0,0,1,1,0,1.0,NORMAL
28,0,0,5,0,1.0,20,1.4,8,1,1,0,1,0,0,18,5,0,0,1,1,1,0,0.6897,ATTACK
0,1,0,2,0,0.0,1,0.0,1,0,0,0,1,0,0,18,0,0,0,0,0,1,0,1.0,NORMAL
2,2,0,1,0,0.5,1,2.0,1,0,0,0,1,0,0,6,1,0,0,0,0,0,1,0.3333,NORMAL
2,2,0,0,0,0.5,1,2.0,1,0,0,0,1,0,0,6,1,0,0,0,0,0,1,0.3333,NORMAL
1,1,0,2,0,0.5,2,0.5,1,0,0,0,1,0,0,17,0,0,0,1,0,0,1,1.0,NORMAL
0,1,0,2,0,0.0,1,0.0,1,0,0,0,1,0,0,11,4,0,0,0,0,0,0,1.0,NORMAL
1,3,0,0,0,0.25,3,0.3333333333333333,1,0,0,0,1,0,0,18,1,0,1,0,0,0,1,1.5,NORMAL
56,0,0,3,0,1.0,1,56.0,1,0,0,0,1,0,0,9,5,0,0,1,0,1,0,0.0175,ATTACK
2,2,0,2,0,0.5,2,1.0,2,0,1,0,1,0,0,8,2,0,0,1,0,0,1,0.6667,NORMAL
2,2,0,2,0,0.5,2,1.0,1,0,0,0,1,0,0,6,4,0,0,0,0,0,1,0.6667,NORMAL
0,1,0,2,0,0.0,3,0.0,1,0,0,0,1,1,0,13,0,0,1,1,0,0,0,3.0,NORMAL
0,3,0,0,0,0.0,1,0.0,1,0,0,0,1,0,0,13,1,0,0,1,0,0,0,1.0,NORMAL
3,1,1,4,0,0.75,2,1.5,1,1,0,1,1,1,0,2,6,1,0,1,1,1,1,0.5,ATTACK
0,2,0,1,0,0.0,2,0.0,1,0,0,0,1,0,0,13,1,0,0,0,0,0,0,2.0,NORMAL
1,1,0,1,0,0.5,3,0.3333333333333333,1,0,0,0,1,0,0,11,2,0,0,0,0,0,1,1.5,NORMAL
1,2,0,2,0,0.3333333333333333,3,0.3333333333333333,2,0,1,0,1,0,0,10,2,0,0,0,0,0,1,1.5,NORMAL
23,1,0,2,0,0.9583333333333334,37,0.6216216216216216,7,1,1,0,1,0,0,23,2,1,0,1,1,1,1,1.5417,ATTACK
1,1,0,1,0,0.5,1,1.0,2,0,1,0,1,0,0,9,4,0,0,0,0,0,1,0.5,NORMAL
0,2,0,1,0,0.0,3,0.0,1,0,0,0,1,0,0,17,3,0,0,0,0,0,0,3.0,NORMAL
1,1,0,2,0,0.5,2,0.5,1,1,0,0,1,0,0,12,4,0,0,0,0,1,1,1.0,NORMAL
2,3,0,0,0,0.4,3,0.6666666666666666,2,0,1,0,1,0,0,14,0,0,0,0,0,0,1,1.0,NORMAL
0,2,0,2,0,0.0,2,0.0,1,0,0,0,1,0,0,4,2,1,0,0,0,1,0,2.0,NORMAL
30,1,0,4,1,0.967741935483871,1,30.0,1,0,0,0,1,0,0,17,5,0,0,0,1,1,1,0.0323,ATTACK
1,2,0,1,0,0.3333333333333333,3,0.3333333333333333,2,0,1,0,1,0,0,10,4,0,0,0,1,0,1,1.5,NORMAL
3,2,0,2,0,0.6,3,1.0,2,0,1,0,1,0,0,10,1,0,0,0,0,0,1,0.75,NORMAL
4,3,0,1,0,0.5714285714285714,3,1.3333333333333333,1,0,0,0,1,0,0,15,3,0,1,0,0,0,1,0.6,NORMAL
0,2,2,2,0,0.0,2,0.0,1,1,0,0,1,1,0,15,3,0,0,1,1,1,0,2.0,ATTACK
2,3,0,2,0,0.4,1,2.0,2,0,1,0,1,0,0,13,3,0,0,0,1,1,1,0.3333,NORMAL
1,3,0,1,0,0.25,2,0.5,2,0,1,0,1,0,0,3,2,1,0,0,1,0,1,1.0,NORMAL
4,1,0,2,0,0.8,5,0.8,2,0,1,0,1,1,0,7,3,0,0,0,0,0,1,1.0,NORMAL
1,1,0,0,0,0.5,1,1.0,1,0,0,0,1,1,0,15,4,0,0,0,0,1,1,0.5,NORMAL
0,2,0,1,0,0.0,2,0.0,2,0,1,0,1,0,0,17,4,0,0,0,0,1,0,2.0,NORMAL
2,1,0,1,0,0.6666666666666666,3,0.6666666666666666,2,0,1,0,1,0,0,22,3,1,0,0,0,0,1,1.0,NORMAL
2,1,0,2,0,0.6666666666666666,3,0.6666666666666666,1,0,0,0,1,1,0,17,1,0,0,0,0,0,1,1.0,NORMAL
2,2,0,2,0,0.5,3,0.6666666666666666,1,0,0,0,1,0,0,6,3,0,0,1,0,0,1,1.0,NORMAL
1,1,0,1,0,0.5,3,0.3333333333333333,2,0,1,0,1,0,0,9,4,0,0,0,0,0,1,1.5,NORMAL
2,1,1,4,0,0.6666666666666666,1,2.0,1,1,0,1,1,1,0,1,0,1,0,1,1,1,1,0.3333,ATTACK
2,2,1,1,0,0.5,3,0.6666666666666666,2,0,1,1,1,0,0,17,0,0,0,0,0,0,1,1.0,NORMAL
2,1,0,0,0,0.6666666666666666,3,0.6666666666666666,2,0,1,0,1,1,0,19,4,0,0,0,0,0,1,1.0,NORMAL
0,3,1,0,0,0.0,3,0.0,1,0,0,0,1,1,0,18,4,0,0,0,0,1,0,3.0,NORMAL
34,0,0,3,0,1.0,2,17.0,1,0,0,0,1,0,0,12,5,0,0,1,0,1,0,0.0571,ATTACK
2,1,2,2,0,0.6666666666666666,2,1.0,1,0,0,1,1,1,0,19,4,0,0,1,1,0,1,0.6667,ATTACK
0,1,0,2,0,0.0,3,0.0,1,0,0,0,1,0,0,18,1,0,0,1,0,1,0,3.0,NORMAL
1,1,0,1,0,0.5,1,1.0,2,0,1,0,1,1,0,6,1,0,0,0,0,0,1,0.5,NORMAL
2,1,0,2,0,0.6666666666666666,3,0.6666666666666666,2,0,1,0,1,0,0,11,0,0,0,0,0,0,1,1.0,NORMAL
3,2,2,5,0,0.6,2,1.5,1,1,0,1,1,1,0,2,4,1,0,1,1,1,1,0.5,ATTACK
0,3,0,0,0,0.0,2,0.0,2,0,1,0,1,0,0,9,1,0,1,0,0,0,0,2.0,NORMAL
20,1,0,4,1,0.9523809523809523,2,10.0,1,1,0,0,1,0,0,8,5,0,0,1,0,1,1,0.0952,ATTACK
1,3,0,0,0,0.25,2,0.5,2,0,1,0,1,0,0,8,0,0,1,1,1,0,1,1.0,NORMAL
1,2,0,1,0,0.3333333333333333,1,1.0,2,1,1,0,1,1,0,8,2,0,0,0,0,0,1,0.5,NORMAL
0,2,0,0,0,0.0,3,0.0,1,0,0,0,1,0,0,23,4,1,0,0,0,0,0,3.0,NORMAL
1,2,0,2,0,0.3333333333333333,1,1.0,1,0,0,0,1,0,0,15,0,0,0,0,0,0,1,0.5,NORMAL
0,3,0,2,0,0.0,1,0.0,1,0,0,0,1,1,0,8,3,0,0,0,0,0,0,1.0,NORMAL
2,3,0,0,0,0.4,2,1.0,2,0,1,0,1,1,0,23,3,1,1,0,0,0,1,0.6667,NORMAL
2,1,1,0,0,0.6666666666666666,2,1.0,2,0,1,1,1,0,0,6,2,0,1,0,0,0,1,0.6667,NORMAL
2,3,1,2,0,0.4,2,1.0,1,0,0,1,1,0,0,9,0,0,0,0,0,0,1,0.6667,NORMAL
1,1,0,0,0,0.5,2,0.5,2,0,1,0,1,0,0,11,2,0,0,0,0,0,1,1.0,NORMAL
0,3,0,0,0,0.0,1,0.0,1,0,0,0,1,1,0,18,4,0,0,0,0,0,0,1.0,NORMAL
28,0,0,3,1,1.0,27,1.037037037037037,15,1,1,0,1,0,0,12,0,0,0,0,1,1,0,0.931,ATTACK
1,3,0,2,0,0.25,3,0.3333333333333333,1,0,0,0,1,0,0,13,0,0,0,0,0,0,1,1.5,NORMAL
2,3,0,2,0,0.4,3,0.6666666666666666,1,0,0,0,1,0,0,17,0,0,0,0,0,0,1,1.0,NORMAL
1,2,1,2,0,0.3333333333333333,1,1.0,1,1,0,1,1,1,0,5,1,1,0,1,1,1,1,0.5,ATTACK
2,1,0,2,0,0.6666666666666666,2,1.0,1,0,0,0,1,1,0,19,2,0,0,0,0,0,1,0.6667,NORMAL
1,3,0,0,0,0.25,2,0.5,1,0,0,0,1,0,0,9,4,0,0,0,0,0,1,1.0,NORMAL
2,3,0,1,0,0.4,1,2.0,2,0,1,0,1,0,0,18,4,0,0,0,0,0,1,0.3333,NORMAL
0,1,0,1,0,0.0,3,0.0,2,0,1,0,1,1,0,8,4,0,0,0,0,0,0,3.0,NORMAL
2,1,0,0,0,0.6666666666666666,2,1.0,2,0,1,0,1,1,0,16,2,0,0,1,1,0,1,0.6667,NORMAL
30,0,0,2,0,1.0,13,2.3076923076923075,12,1,1,0,1,0,0,6,2,0,0,1,0,1,0,0.4194,ATTACK
2,1,0,2,0,0.6666666666666666,2,1.0,1,1,0,0,1,0,0,15,1,0,0,0,0,0,1,0.6667,NORMAL
5,3,0,1,0,0.625,2,2.5,2,1,1,0,1,1,0,9,4,0,0,1,0,0,1,0.3333,NORMAL
0,1,0,1,0,0.0,2,0.0,2,0,1,0,1,0,0,7,1,0,0,0,0,0,0,2.0,NORMAL
0,3,0,1,0,0.0,3,0.0,2,1,1,0,1,0,0,15,4,0,0,0,0,0,0,3.0,NORMAL
2,1,0,1,0,0.6666666666666666,1,2.0,1,0,0,0,1,0,0,10,0,0,0,0,1,0,1,0.3333,NORMAL
0,1,1,0,0,0.0,1,0.0,1,0,0,0,1,0,0,18,4,0,0,0,0,0,0,1.0,NORMAL
0,2,1,1,0,0.0,2,0.0,1,0,0,0,1,0,0,9,4,0,0,0,0,1,0,2.0,NORMAL
0,2,0,0,0,0.0,2,0.0,1,0,0,0,1,0,0,18,4,0,0,0,0,0,0,2.0,NORMAL
0,2,0,1,0,0.0,1,0.0,2,0,1,0,1,0,0,9,0,0,0,0,1,0,0,1.0,NORMAL
2,1,2,2,0,0.6666666666666666,1,2.0,1,1,0,1,1,1,0,21,6,0,0,0,0,0,1,0.3333,ATTACK
4,2,0,0,0,0.6666666666666666,2,2.0,1,0,0,0,1,1,0,13,3,0,0,0,0,1,1,0.4,NORMAL
2,3,0,0,0,0.4,3,0.6666666666666666,1,0,0,0,1,0,0,18,1,0,0,0,0,1,1,1.0,NORMAL
1,1,0,1,0,0.5,3,0.3333333333333333,2,0,1,0,1,0,0,19,0,0,0,0,1,0,1,1.5,NORMAL
2,1,0,1,0,0.6666666666666666,3,0.6666666666666666,2,0,1,0,1,0,0,14,1,0,0,0,0,0,1,1.0,NORMAL
0,3,0,0,0,0.0,1,0.0,2,0,1,0,1,1,0,16,1,0,0,0,1,0,0,1.0,NORMAL
2,3,1,1,0,0.4,1,2.0,1,0,0,1,1,0,0,10,3,0,0,0,0,0,1,0.3333,NORMAL
0,3,0,1,0,0.0,2,0.0,2,0,1,0,1,0,0,7,0,0,0,0,0,0,0,2.0,NORMAL
0,3,1,2,0,0.0,2,0.0,2,0,1,0,1,0,0,17,0,0,0,0,0,0,0,2.0,NORMAL
1,3,0,0,0,0.25,2,0.5,2,0,1,0,1,1,0,5,1,1,0,1,0,1,1,1.0,NORMAL
5,2,0,0,0,0.7142857142857143,3,1.6666666666666667,2,0,1,0,1,0,0,8,1,0,0,0,0,1,1,0.5,NORMAL
1,3,0,2,0,0.25,3,0.3333333333333333,1,0,0,0,1,0,0,17,1,0,0,0,0,0,1,1.5,NORMAL
4,2,0,0,0,0.6666666666666666,4,1.0,1,0,0,0,1,1,0,11,2,0,0,0,0,0,1,0.8,NORMAL
2,3,0,1,0,0.4,2,1.0,1,0,0,0,1,0,0,20,2,0,0,0,0,0,1,0.6667,NORMAL
0,3,1,2,0,0.0,3,0.0,2,0,1,0,1,1,0,7,0,0,0,1,0,0,0,3.0,NORMAL
2,2,0,2,0,0.5,2,1.0,2,0,1,0,1,0,0,9,4,0,0,0,0,0,1,0.6667,NORMAL
2,2,0,1,0,0.5,2,1.0,1,0,0,0,1,0,0,13,4,0,0,0,0,1,1,0.6667,NORMAL
1,2,0,0,0,0.3333333333333333,1,1.0,1,0,0,0,1,1,0,10,4,0,1,0,0,0,1,0.5,NORMAL
2,1,0,1,0,0.6666666666666666,3,0.6666666666666666,2,0,1,0,1,0,0,16,1,0,0,0,0,0,1,1.0,NORMAL
0,1,0,2,0,0.0,2,0.0,1,0,0,0,1,0,0,16,2,0,0,0,0,0,0,2.0,NORMAL
0,2,0,0,0,0.0,3,0.0,2,0,1,0,1,0,0,8,4,0,0,0,0,0,0,3.0,NORMAL
0,2,1,3,1,0.0,2,0.0,1,1,0,0,1,1,0,1,1,1,0,1,0,1,0,2.0,ATTACK
0,1,2,2,0,0.0,1,0.0,1,0,0,0,1,1,0,11,2,0,0,1,1,0,0,1.0,ATTACK
1,3,0,0,0,0.25,1,1.0,1,0,0,0,1,0,0,8,3,0,0,0,0,0,1,0.5,NORMAL
2,2,1,2,0,0.5,3,0.6666666666666666,1,0,0,1,1,0,0,15,0,0,0,0,0,0,1,1.0,NORMAL
40,1,0,4,1,0.975609756097561,2,20.0,2,1,1,0,1,0,0,8,0,0,0,0,0,1,1,0.0488,ATTACK
2,2,0,1,0,0.5,1,2.0,1,0,0,0,1,1,0,16,1,0,0,0,0,1,1,0.3333,NORMAL
2,3,0,2,0,0.4,5,0.4,1,0,0,0,1,0,0,7,1,0,0,0,0,0,1,1.6667,NORMAL
0,1,2,3,0,0.0,2,0.0,1,1,0,0,1,1,0,16,3,0,0,1,1,0,0,2.0,ATTACK
0,3,0,0,0,0.0,1,0.0,2,0,1,0,1,0,0,9,0,0,0,0,0,0,0,1.0,NORMAL
1,2,1,1,0,0.3333333333333333,1,1.0,2,0,1,1,1,0,0,10,1,0,0,0,0,0,1,0.5,NORMAL
3,1,1,2,1,0.75,2,1.5,1,1,0,1,1,1,0,22,6,1,0,0,1,1,1,0.5,ATTACK
65,0,0,3,0,1.0,2,32.5,2,1,1,0,1,0,0,7,1,0,0,1,1,1,0,0.0303,ATTACK
0,2,0,1,0,0.0,3,0.0,2,0,1,0,1,1,0,13,4,0,0,0,0,0,0,3.0,NORMAL
2,2,1,4,0,0.5,2,1.0,1,1,0,1,1,1,0,14,2,0,0,1,0,0,1,0.6667,ATTACK
2,1,0,2,0,0.6666666666666666,2,1.0,1,0,0,0,1,1,0,13,1,0,0,0,0,0,1,0.6667,NORMAL
2,2,0,1,0,0.5,3,0.6666666666666666,1,0,0,0,1,0,0,15,4,0,0,0,0,0,1,1.0,NORMAL
16,1,0,2,1,0.9411764705882353,14,1.1428571428571428,10,1,1,0,1,0,0,10,5,0,0,0,1,1,1,0.8235,ATTACK
2,3,0,0,0,0.4,3,0.6666666666666666,1,0,0,0,1,0,0,14,0,0,0,0,0,0,1,1.0,NORMAL
0,3,0,2,0,0.0,2,0.0,1,0,0,0,1,0,0,8,4,0,0,0,0,0,0,2.0,NORMAL
4,1,0,2,0,0.8,5,0.8,2,0,1,0,1,0,0,11,4,0,1,0,0,0,1,1.0,NORMAL
2,2,1,3,1,0.5,1,2.0,1,1,0,1,1,1,0,17,3,0,0,0,1,0,1,0.3333,ATTACK
44,1,0,2,0,0.9777777777777777,2,22.0,2,1,1,0,1,0,0,9,2,0,0,1,1,1,1,0.0444,ATTACK
28,1,0,5,0,0.9655172413793104,1,28.0,2,1,1,0,1,0,0,4,6,1,0,1,0,1,1,0.0345,ATTACK
0,2,0,2,0,0.0,1,0.0,1,0,0,0,1,0,0,19,0,0,0,0,1,0,0,1.0,NORMAL
2,2,0,0,0,0.5,1,2.0,2,0,1,0,1,1,0,19,0,0,0,0,0,0,1,0.3333,NORMAL
0,2,2,4,0,0.0,2,0.0,1,1,0,0,1,1,0,14,4,0,0,0,1,1,0,2.0,ATTACK
5,2,0,2,0,0.7142857142857143,4,1.25,2,0,1,0,1,0,0,14,4,0,0,0,0,0,1,0.6667,NORMAL
1,3,1,1,0,0.25,1,1.0,1,0,0,1,1,0,0,17,1,0,0,0,0,0,1,0.5,NORMAL
0,2,0,2,0,0.0,2,0.0,2,0,1,0,1,0,0,16,1,0,1,0,0,0,0,2.0,NORMAL
3,2,1,3,0,0.6,1,3.0,1,1,0,1,1,1,0,13,3,0,0,1,1,0,1,0.25,ATTACK
2,2,0,1,0,0.5,3,0.6666666666666666,2,0,1,0,1,0,0,10,0,0,0,0,0,0,1,1.0,NORMAL
1,3,0,1,0,0.25,3,0.3333333333333333,1,0,0,0,1,0,0,9,4,0,0,1,0,0,1,1.5,NORMAL
0,1,0,2,0,0.0,3,0.0,2,0,1,0,1,0,0,12,3,0,0,0,0,0,0,3.0,NORMAL
0,3,0,0,0,0.0,1,0.0,1,0,0,0,1,0,0,9,3,0,0,0,0,0,0,1.0,NORMAL
46,1,0,5,0,0.9787234042553191,2,23.0,2,0,1,0,1,0,0,22,0,1,0,0,1,1,1,0.0426,ATTACK
0,1,0,2,0,0.0,3,0.0,2,0,1,0,1,0,0,7,0,0,0,0,0,0,0,3.0,NORMAL
1,2,0,0,0,0.3333333333333333,3,0.3333333333333333,2,0,1,0,1,0,0,8,2,0,0,1,0,1,1,1.5,NORMAL
2,2,1,2,0,0.5,1,2.0,2,0,1,1,1,0,0,8,1,0,0,0,1,0,1,0.3333,NORMAL
0,1,0,0,0,0.0,1,0.0,1,0,0,0,1,0,0,9,0,0,0,0,1,0,0,1.0,NORMAL
2,1,0,1,0,0.6666666666666666,3,0.6666666666666666,2,0,1,0,1,0,0,10,2,0,1,0,0,0,1,1.0,NORMAL
24,0,0,2,1,1.0,2,12.0,2,1,1,0,1,0,0,10,0,0,0,1,1,1,0,0.08,ATTACK
4,2,0,1,0,0.6666666666666666,5,0.8,2,0,1,0,1,0,0,10,1,0,0,0,1,1,1,1.0,NORMAL
37,1,0,5,0,0.9736842105263158,2,18.5,1,1,0,0,1,0,0,15,5,0,1,0,1,1,1,0.0526,ATTACK
1,2,0,0,0,0.3333333333333333,2,0.5,2,0,1,0,1,0,0,13,3,0,0,1,0,0,1,1.0,NORMAL
0,2,2,3,1,0.0,2,0.0,1,1,0,0,1,1,0,2,4,1,0,0,0,1,0,2.0,ATTACK
2,3,0,1,0,0.4,3,0.6666666666666666,2,0,1,0,1,0,0,10,1,0,0,0,0,0,1,1.0,NORMAL
0,1,0,1,0,0.0,1,0.0,2,0,1,0,1,0,0,9,4,0,0,0,1,0,0,1.0,NORMAL
1,3,1,0,0,0.25,3,0.3333333333333333,2,0,1,1,1,1,0,14,1,0,0,0,0,0,1,1.5,NORMAL
54,1,0,2,1,0.9818181818181818,1,54.0,1,1,0,0,1,0,0,11,1,0,0,1,0,1,1,0.0182,ATTACK
2,2,2,5,1,0.5,2,1.0,1,1,0,1,1,1,0,9,3,0,0,1,0,1,1,0.6667,ATTACK
0,3,1,2,0,0.0,2,0.0,1,0,0,0,1,1,0,14,3,0,0,0,1,1,0,2.0,NORMAL
2,3,0,2,0,0.4,3,0.6666666666666666,2,0,1,0,1,0,0,16,2,0,0,0,0,0,1,1.0,NORMAL
2,3,0,2,0,0.4,3,0.6666666666666666,1,0,0,0,1,0,0,8,2,0,0,0,0,0,1,1.0,NORMAL
2,3,0,1,0,0.4,3,0.6666666666666666,1,1,0,0,1,0,0,9,4,0,0,0,0,0,1,1.0,NORMAL
37,0,0,2,0,1.0,21,1.7619047619047619,10,1,1,0,1,0,0,4,4,1,1,1,1,1,0,0.5526,ATTACK
49,1,0,2,1,0.98,1,49.0,1,1,0,0,1,0,0,0,2,1,0,1,1,1,1,0.02,ATTACK
1,1,0,0,0,0.5,3,0.3333333333333333,2,0,1,0,1,0,0,10,2,0,0,0,0,0,1,1.5,NORMAL
0,1,0,0,0,0.0,1,0.0,1,0,0,0,1,0,0,13,3,0,0,0,0,0,0,1.0,NORMAL
2,3,0,0,0,0.4,2,1.0,2,0,1,0,1,1,0,9,1,0,1,0,0,0,1,0.6667,NORMAL
2,1,0,0,0,0.6666666666666666,1,2.0,2,0,1,0,1,0,0,7,4,0,0,0,0,0,1,0.3333,NORMAL
0,3,0,1,0,0.0,2,0.0,2,0,1,0,1,0,0,11,3,0,0,0,0,0,0,2.0,NORMAL
2,2,1,2,0,0.5,2,1.0,1,0,0,1,1,0,0,8,3,0,0,0,0,0,1,0.6667,NORMAL
2,3,0,2,0,0.4,2,1.0,2,0,1,0,1,0,0,17,4,0,0,0,1,0,1,0.6667,NORMAL
1,3,0,1,0,0.25,2,0.5,2,0,1,0,1,0,0,8,0,0,1,0,0,0,1,1.0,NORMAL
2,1,0,0,0,0.6666666666666666,3,0.6666666666666666,2,0,1,0,1,0,0,5,2,1,0,0,1,0,1,1.0,NORMAL
4,1,0,0,0,0.8,5,0.8,2,1,1,0,1,0,0,9,3,0,0,0,0,1,1,1.0,NORMAL
1,2,0,2,0,0.3333333333333333,3,0.3333333333333333,2,0,1,0,1,0,0,14,1,0,0,0,0,1,1,1.5,NORMAL
39,0,0,4,1,1.0,2,19.5,1,0,0,0,1,0,0,3,2,1,0,0,1,1,0,0.05,ATTACK
1,2,1,1,0,0.3333333333333333,2,0.5,1,0,0,1,1,0,0,12,0,0,0,0,1,0,1,1.0,NORMAL
2,3,1,2,0,0.4,1,2.0,2,0,1,1,1,0,0,10,1,0,0,0,0,0,1,0.3333,NORMAL
0,3,0,0,0,0.0,2,0.0,1,0,0,0,1,0,0,5,0,1,0,0,1,1,0,2.0,NORMAL
29,1,0,5,0,0.9666666666666667,14,2.0714285714285716,17,1,1,0,1,0,0,12,4,0,1,0,1,1,1,0.4667,ATTACK
62,1,0,2,0,0.9841269841269841,1,62.0,2,1,1,0,1,0,0,18,5,0,0,1,1,1,1,0.0159,ATTACK
2,3,1,1,0,0.4,1,2.0,2,0,1,1,1,1,0,13,3,0,0,0,0,0,1,0.3333,NORMAL
74,1,0,4,0,0.9866666666666667,2,37.0,1,0,0,0,1,0,0,20,3,0,0,0,1,1,1,0.0267,ATTACK
24,1,0,2,0,0.96,28,0.8571428571428571,8,0,1,0,1,0,0,23,6,1,0,1,0,1,1,1.12,ATTACK
0,2,0,2,0,0.0,3,0.0,2,0,1,0,1,0,0,11,0,0,0,0,0,0,0,3.0,NORMAL
5,1,0,0,0,0.8333333333333334,2,2.5,2,0,1,0,1,0,0,11,2,0,0,1,0,1,1,0.3333,NORMAL
12,1,0,2,1,0.9230769230769231,20,0.6,13,1,1,0,1,0,0,8,4,0,1,0,1,1,1,1.5385,ATTACK
2,3,0,1,0,0.4,2,1.0,2,0,1,0,1,1,0,13,0,0,0,0,0,0,1,0.6667,NORMAL
31,0,0,4,0,1.0,28,1.1071428571428572,15,1,1,0,1,0,0,10,0,0,1,1,0,1,0,0.875,ATTACK
1,2,0,2,0,0.3333333333333333,3,0.3333333333333333,1,0,0,0,1,1,0,17,2,0,1,0,0,0,1,1.5,NORMAL
5,1,1,0,0,0.8333333333333334,2,2.5,2,1,1,1,1,1,0,14,0,0,0,0,1,1,1,0.3333,NORMAL
4,2,0,2,0,0.6666666666666666,5,0.8,1,0,0,0,1,0,0,9,1,0,1,1,0,0,1,1.0,NORMAL
3,3,0,1,0,0.5,5,0.6,2,0,1,0,1,0,0,15,2,0,0,0,0,0,1,1.25,NORMAL
1,1,0,1,0,0.5,1,1.0,2,0,1,0,1,0,0,13,1,0,0,0,0,0,1,0.5,NORMAL
1,1,0,1,0,0.5,3,0.3333333333333333,2,0,1,0,1,0,0,12,0,0,0,1,0,0,1,1.5,NORMAL
35,0,0,4,0,1.0,19,1.8421052631578947,18,1,1,0,1,0,0,16,1,0,0,1,1,1,0,0.5278,ATTACK
1,3,0,1,0,0.25,1,1.0,1,0,0,0,1,0,0,19,2,0,0,0,0,0,1,0.5,NORMAL
2,1,2,5,0,0.6666666666666666,1,2.0,1,0,0,1,1,1,0,10,2,0,0,1,1,0,1,0.3333,ATTACK
2,2,0,2,0,0.5,2,1.0,1,0,0,0,1,0,0,17,2,0,0,0,0,1,1,0.6667,NORMAL
1,1,0,0,0,0.5,3,0.3333333333333333,1,0,0,0,1,0,0,9,2,0,0,0,0,0,1,1.5,NORMAL
1,2,0,2,0,0.3333333333333333,3,0.3333333333333333,2,0,1,0,1,0,0,17,3,0,0,0,0,0,1,1.5,NORMAL
1,2,0,1,0,0.3333333333333333,3,0.3333333333333333,2,0,1,0,1,0,0,15,2,0,0,0,0,0,1,1.5,NORMAL
14,0,0,5,0,1.0,13,1.0769230769230769,18,0,1,0,1,0,0,18,3,0,1,1,0,1,0,0.8667,ATTACK
22,0,0,5,0,1.0,24,0.9166666666666666,9,1,1,0,1,0,0,21,0,0,0,0,1,1,0,1.0435,ATTACK
0,2,0,0,0,0.0,1,0.0,1,0,0,0,1,0,0,18,1,0,0,0,0,0,0,1.0,NORMAL
1,2,1,0,0,0.3333333333333333,3,0.3333333333333333,1,0,0,1,1,0,0,10,0,0,0,0,0,0,1,1.5,NORMAL
6,3,0,0,0,0.6666666666666666,3,2.0,1,0,0,0,1,0,0,15,0,0,0,0,0,0,1,0.4286,NORMAL
0,2,1,2,0,0.0,1,0.0,1,0,0,0,1,0,0,15,4,0,0,0,0,1,0,1.0,NORMAL
1,1,0,2,0,0.5,2,0.5,2,0,1,0,1,0,0,20,3,0,0,0,0,0,1,1.0,NORMAL
10,1,0,2,0,0.9090909090909091,18,0.5555555555555556,14,1,1,0,1,0,0,3,5,1,1,0,0,0,1,1.6364,ATTACK
3,2,1,4,0,0.6,1,3.0,1,0,0,1,1,1,0,22,6,1,0,0,1,1,1,0.25,ATTACK
0,2,0,1,0,0.0,1,0.0,2,0,1,0,1,0,0,15,4,0,0,1,1,0,0,1.0,NORMAL
2,1,0,2,0,0.6666666666666666,1,2.0,2,0,1,0,1,1,0,16,4,0,0,0,0,0,1,0.3333,NORMAL
0,2,2,5,0,0.0,2,0.0,1,1,0,0,1,1,0,0,6,1,0,1,0,1,0,2.0,ATTACK
2,1,0,1,0,0.6666666666666666,2,1.0,1,0,0,0,1,0,0,1,0,1,0,1,0,1,1,0.6667,NORMAL
0,1,0,2,0,0.0,1,0.0,1,0,0,0,1,0,0,6,0,0,0,1,0,0,0,1.0,NORMAL
0,1,0,0,0,0.0,1,0.0,1,0,0,0,1,0,0,8,3,0,0,0,0,0,0,1.0,NORMAL
0,1,0,1,0,0.0,1,0.0,2,1,1,0,1,1,0,15,2,0,0,0,0,0,0,1.0,NORMAL
1,3,0,0,0,0.25,2,0.5,2,0,1,0,1,0,0,9,2,0,0,0,0,0,1,1.0,NORMAL
2,2,0,0,0,0.5,3,0.6666666666666666,1,0,0,0,1,0,0,18,3,0,0,0,1,0,1,1.0,NORMAL
0,1,0,1,0,0.0,1,0.0,2,0,1,0,1,1,0,18,4,0,0,0,1,0,0,1.0,NORMAL
28,1,0,5,0,0.9655172413793104,2,14.0,1,1,0,0,1,0,0,18,6,0,1,1,0,1,1,0.069,ATTACK
1,1,0,0,0,0.5,2,0.5,1,0,0,0,1,0,0,13,3,0,1,1,0,0,1,1.0,NORMAL
4,2,0,0,0,0.6666666666666666,4,1.0,1,1,0,0,1,0,0,15,0,0,0,0,0,0,1,0.8,NORMAL
1,2,0,1,0,0.3333333333333333,2,0.5,1,0,0,0,1,0,0,9,2,0,0,0,1,0,1,1.0,NORMAL
2,1,0,0,0,0.6666666666666666,2,1.0,1,0,0,0,1,1,0,21,2,0,0,0,0,0,1,0.6667,NORMAL
32,0,0,2,1,1.0,14,2.2857142857142856,6,1,1,0,1,0,0,21,2,0,0,0,0,1,0,0.4242,ATTACK
1,1,1,1,0,0.5,2,0.5,1,0,0,1,1,1,0,8,2,0,0,0,0,0,1,1.0,NORMAL
2,1,0,0,0,0.6666666666666666,1,2.0,1,0,0,0,1,0,0,16,0,0,0,0,0,0,1,0.3333,NORMAL
0,2,0,0,0,0.0,3,0.0,2,0,1,0,1,0,0,13,3,0,0,0,0,0,0,3.0,NORMAL
0,1,2,2,0,0.0,1,0.0,1,1,0,0,1,1,0,15,3,0,1,1,1,0,0,1.0,ATTACK
63,0,0,4,0,1.0,1,63.0,2,1,1,0,1,0,0,18,5,0,1,1,1,1,0,0.0156,ATTACK
0,2,0,2,0,0.0,3,0.0,2,0,1,0,1,0,0,17,1,0,0,1,0,0,0,3.0,NORMAL
38,1,0,3,0,0.9743589743589743,29,1.3103448275862069,19,1,1,0,1,0,0,8,5,0,0,1,0,1,1,0.7436,ATTACK
0,1,0,2,0,0.0,1,0.0,2,0,1,0,1,0,0,15,4,0,0,0,0,0,0,1.0,NORMAL
2,1,0,0,0,0.6666666666666666,2,1.0,1,0,0,0,1,1,0,19,1,0,0,0,1,0,1,0.6667,NORMAL
1,1,1,0,0,0.5,3,0.3333333333333333,2,0,1,1,1,0,0,16,3,0,0,0,0,0,1,1.5,NORMAL
1,2,0,0,0,0.3333333333333333,2,0.5,1,0,0,0,1,0,0,6,1,0,0,0,1,1,1,1.0,NORMAL
2,1,0,2,0,0.6666666666666666,1,2.0,2,0,1,0,1,0,0,17,3,0,0,1,0,0,1,0.3333,NORMAL
3,1,2,4,1,0.75,1,3.0,1,1,0,1,1,1,0,17,3,0,0,1,1,1,1,0.25,ATTACK
2,3,1,2,0,0.4,2,1.0,2,0,1,1,1,0,0,15,2,0,0,0,0,0,1,0.6667,NORMAL
2,1,0,0,0,0.6666666666666666,1,2.0,2,0,1,0,1,0,0,10,3,0,0,0,0,0,1,0.3333,NORMAL
2,2,2,4,0,0.5,1,2.0,1,1,0,1,1,1,0,5,1,1,1,0,0,1,1,0.3333,ATTACK
2,2,0,2,0,0.5,1,2.0,1,0,0,0,1,0,0,9,1,0,0,0,0,0,1,0.3333,NORMAL
1,3,0,0,0,0.25,3,0.3333333333333333,1,0,0,0,1,0,0,6,1,0,0,0,0,0,1,1.5,NORMAL
0,3,0,0,0,0.0,3,0.0,2,0,1,0,1,0,0,6,3,0,0,0,0,1,0,3.0,NORMAL
0,1,1,3,0,0.0,1,0.0,1,0,0,0,1,1,0,11,0,0,0,1,1,0,0,1.0,ATTACK
32,1,0,4,0,0.9696969696969697,24,1.3333333333333333,11,1,1,0,1,0,0,2,1,1,0,1,0,1,1,0.7273,ATTACK
3,1,1,3,0,0.75,1,3.0,1,1,0,1,1,1,0,1,1,1,0,1,0,1,1,0.25,ATTACK
2,2,0,2,0,0.5,2,1.0,1,0,0,0,1,0,0,2,4,1,0,0,0,0,1,0.6667,NORMAL
0,1,0,2,0,0.0,2,0.0,2,0,1,0,1,0,0,13,0,0,0,0,1,0,0,2.0,NORMAL
1,2,0,2,0,0.3333333333333333,1,1.0,1,0,0,0,1,1,0,7,4,0,0,1,0,0,1,0.5,NORMAL
1,3,0,2,0,0.25,1,1.0,1,0,0,0,1,0,0,19,3,0,0,0,0,0,1,0.5,NORMAL
2,2,0,0,0,0.5,1,2.0,2,0,1,0,1,0,0,22,4,1,0,0,0,0,1,0.3333,NORMAL
2,3,1,0,0,0.4,2,1.0,1,0,0,1,1,0,0,18,3,0,0,0,1,0,1,0.6667,NORMAL
0,3,0,2,0,0.0,1,0.0,2,0,1,0,1,1,0,19,2,0,0,0,0,0,0,1.0,NORMAL
34,1,0,4,0,0.9714285714285714,1,34.0,2,1,1,0,1,0,0,13,3,0,0,1,0,1,1,0.0286,ATTACK
0,2,0,2,0,0.0,3,0.0,1,0,0,0,1,0,0,9,1,0,0,0,0,0,0,3.0,NORMAL
62,0,0,2,0,1.0,2,31.0,1,1,0,0,1,0,0,6,3,0,0,1,0,1,0,0.0317,ATTACK
11,0,0,3,0,1.0,23,0.4782608695652174,5,1,1,0,1,0,0,6,3,0,0,0,1,1,0,1.9167,ATTACK
1,2,0,0,0,0.3333333333333333,2,0.5,1,0,0,0,1,0,0,15,0,0,0,0,0,0,1,1.0,NORMAL
2,2,1,3,0,0.5,2,1.0,1,0,0,1,1,1,0,15,6,0,0,1,1,0,1,0.6667,ATTACK
0,1,0,2,0,0.0,2,0.0,1,0,0,0,1,0,0,22,1,1,0,0,0,0,0,2.0,NORMAL
2,2,0,1,0,0.5,1,2.0,2,0,1,0,1,0,0,15,3,0,0,0,0,0,1,0.3333,NORMAL
0,3,0,0,0,0.0,1,0.0,2,0,1,0,1,0,0,13,1,0,0,0,1,0,0,1.0,NORMAL
1,1,1,1,0,0.5,1,1.0,2,0,1,1,1,0,0,22,1,1,0,1,0,1,1,0.5,NORMAL
1,1,0,1,0,0.5,2,0.5,1,0,0,0,1,0,0,16,4,0,0,0,0,0,1,1.0,NORMAL
1,1,0,1,0,0.5,2,0.5,1,0,0,0,1,0,0,8,4,0,0,0,0,1,1,1.0,NORMAL
12,1,0,2,0,0.9230769230769231,16,0.75,15,1,1,0,1,0,0,12,3,0,1,1,1,1,1,1.2308,ATTACK
2,3,0,1,0,0.4,2,1.0,1,0,0,0,1,1,0,17,1,0,0,0,0,0,1,0.6667,NORMAL
1,2,0,1,0,0.3333333333333333,1,1.0,1,0,0,0,1,1,0,10,2,0,0,0,0,1,1,0.5,NORMAL
2,2,0,0,0,0.5,2,1.0,1,0,0,0,1,0,0,10,1,0,0,0,0,0,1,0.6667,NORMAL
0,1,0,2,0,0.0,3,0.0,1,0,0,0,1,1,0,17,2,0,0,0,0,0,0,3.0,NORMAL
1,1,0,1,0,0.5,1,1.0,1,0,0,0,1,0,0,9,1,0,0,0,0,0,1,0.5,NORMAL
0,3,0,1,0,0.0,3,0.0,1,0,0,0,1,0,0,12,0,0,0,1,0,0,0,3.0,NORMAL
1,3,1,1,0,0.25,1,1.0,2,0,1,1,1,0,0,11,2,0,0,0,0,0,1,0.5,NORMAL
2,3,0,2,0,0.4,3,0.6666666666666666,2,0,1,0,1,0,0,14,3,0,0,0,0,0,1,1.0,NORMAL
2,2,0,0,0,0.5,2,1.0,1,0,0,0,1,0,0,11,1,0,0,0,0,0,1,0.6667,NORMAL
2,1,0,2,0,0.6666666666666666,3,0.6666666666666666,2,1,1,0,1,0,0,20,3,0,1,0,0,0,1,1.0,NORMAL
0,2,1,1,0,0.0,1,0.0,2,0,1,0,1,0,0,8,4,0,0,0,0,0,0,1.0,NORMAL
0,2,1,2,0,0.0,3,0.0,2,0,1,0,1,0,0,11,4,0,0,0,0,0,0,3.0,NORMAL
0,2,0,1,0,0.0,2,0.0,2,1,1,0,1,0,0,9,2,0,0,0,1,0,0,2.0,NORMAL
32,1,0,3,0,0.9696969696969697,11,2.909090909090909,16,0,1,0,1,0,0,10,2,0,0,1,1,1,1,0.3333,ATTACK
4,2,0,2,0,0.6666666666666666,2,2.0,2,0,1,0,1,1,0,18,0,0,0,0,0,0,1,0.4,NORMAL
27,0,0,3,0,1.0,16,1.6875,10,1,1,0,1,0,0,14,1,0,0,0,1,1,0,0.5714,ATTACK
2,2,2,5,0,0.5,1,2.0,1,1,0,1,1,1,0,15,6,0,1,0,1,0,1,0.3333,ATTACK
37,1,0,2,1,0.9736842105263158,19,1.9473684210526316,16,1,1,0,1,0,0,15,4,0,0,1,1,1,1,0.5,ATTACK
42,0,0,2,0,1.0,1,42.0,2,0,1,0,1,0,0,4,2,1,0,1,0,1,0,0.0233,ATTACK
35,1,0,2,0,0.9722222222222222,35,1.0,19,1,1,0,1,0,0,22,2,1,0,0,1,1,1,0.9722,ATTACK
2,3,0,2,0,0.4,3,0.6666666666666666,1,0,0,0,1,0,0,8,1,0,0,1,0,0,1,1.0,NORMAL
2,3,0,2,0,0.4,2,1.0,1,0,0,0,1,0,0,19,4,0,0,0,0,1,1,0.6667,NORMAL
29,1,0,2,0,0.9666666666666667,1,29.0,1,1,0,0,1,0,0,19,0,0,0,0,1,1,1,0.0333,ATTACK
2,1,0,0,0,0.6666666666666666,2,1.0,2,0,1,0,1,0,0,21,1,0,0,0,0,0,1,0.6667,NORMAL
3,2,1,5,0,0.6,2,1.5,1,0,0,1,1,1,0,8,2,0,0,1,1,0,1,0.5,ATTACK
2,2,0,0,0,0.5,1,2.0,2,0,1,0,1,0,0,10,4,0,0,1,0,0,1,0.3333,NORMAL
1,2,0,2,0,0.3333333333333333,1,1.0,1,0,0,0,1,0,0,9,4,0,0,0,0,0,1,0.5,NORMAL
2,1,0,2,0,0.6666666666666666,1,2.0,1,0,0,0,1,0,0,17,2,0,1,0,0,1,1,0.3333,NORMAL
2,1,0,1,0,0.6666666666666666,3,0.6666666666666666,1,0,0,0,1,0,0,8,4,0,0,0,0,0,1,1.0,NORMAL
1,1,1,1,0,0.5,3,0.3333333333333333,1,0,0,1,1,0,0,11,2,0,1,0,0,0,1,1.5,NORMAL
30,1,0,5,0,0.967741935483871,19,1.5789473684210527,18,1,1,0,1,0,0,4,5,1,0,1,0,1,1,0.6129,ATTACK
56,1,0,3,0,0.9824561403508771,2,28.0,1,0,0,0,1,0,0,12,5,0,0,0,0,1,1,0.0351,ATTACK
6,2,0,2,0,0.75,3,2.0,2,1,1,0,1,0,0,13,1,0,1,0,0,0,1,0.4286,NORMAL
1,1,1,4,1,0.5,2,0.5,1,1,0,1,1,1,0,1,4,1,0,1,1,1,1,1.0,ATTACK
2,3,0,2,0,0.4,1,2.0,1,0,0,0,1,0,0,14,3,0,0,0,0,0,1,0.3333,NORMAL
2,1,0,1,0,0.6666666666666666,2,1.0,1,0,0,0,1,0,0,6,4,0,0,0,0,0,1,0.6667,NORMAL
1,2,1,5,0,0.3333333333333333,1,1.0,1,1,0,1,1,1,0,15,2,0,0,1,1,0,1,0.5,ATTACK
3,2,0,2,0,0.6,4,0.75,1,0,0,0,1,0,0,12,1,0,0,0,0,0,1,1.0,NORMAL
2,2,0,2,0,0.5,2,1.0,2,0,1,0,1,1,0,9,3,0,1,0,0,0,1,0.6667,NORMAL
2,1,0,2,0,0.6666666666666666,1,2.0,2,0,1,0,1,1,0,20,4,0,0,0,0,0,1,0.3333,NORMAL
1,1,0,1,0,0.5,3,0.3333333333333333,2,0,1,0,1,0,0,14,2,0,0,1,1,0,1,1.5,NORMAL
2,3,0,2,0,0.4,1,2.0,2,0,1,0,1,0,0,15,3,0,0,0,0,1,1,0.3333,NORMAL
1,2,0,2,0,0.3333333333333333,1,1.0,1,0,0,0,1,1,0,9,3,0,0,0,0,0,1,0.5,NORMAL
1,2,0,0,0,0.3333333333333333,2,0.5,1,0,0,0,1,0,0,21,1,0,0,0,0,0,1,1.0,NORMAL
1,3,0,0,0,0.25,3,0.3333333333333333,1,0,0,0,1,0,0,19,1,0,0,0,0,0,1,1.5,NORMAL
0,3,0,0,0,0.0,3,0.0,1,0,0,0,1,1,0,15,3,0,0,0,0,0,0,3.0,NORMAL
1,1,0,0,0,0.5,1,1.0,1,0,0,0,1,1,0,7,4,0,0,0,0,0,1,0.5,NORMAL
1,2,0,0,0,0.3333333333333333,1,1.0,2,0,1,0,1,0,0,18,0,0,1,0,0,1,1,0.5,NORMAL
17,0,0,4,1,1.0,32,0.53125,17,1,1,0,1,0,0,19,6,0,1,1,1,1,0,1.7778,ATTACK
2,3,0,0,0,0.4,2,1.0,2,0,1,0,1,0,0,15,4,0,1,0,0,0,1,0.6667,NORMAL
1,3,0,1,0,0.25,2,0.5,2,0,1,0,1,0,0,2,4,1,0,0,1,0,1,1.0,NORMAL
0,1,0,0,0,0.0,1,0.0,2,0,1,0,1,0,0,10,4,0,0,0,0,0,0,1.0,NORMAL
26,0,0,3,0,1.0,24,1.0833333333333333,18,0,1,0,1,0,0,8,4,0,0,1,1,1,0,0.8889,ATTACK
0,2,1,1,0,0.0,3,0.0,2,0,1,0,1,1,0,10,2,0,0,0,0,1,0,3.0,NORMAL
1,2,0,0,0,0.3333333333333333,1,1.0,1,0,0,0,1,0,0,8,0,0,0,0,0,0,1,0.5,NORMAL
65,1,0,3,0,0.9848484848484849,1,65.0,1,1,0,0,1,0,0,19,2,0,0,0,0,1,1,0.0152,ATTACK
4,2,0,0,0,0.6666666666666666,4,1.0,2,0,1,0,1,0,0,18,0,0,0,0,1,0,1,0.8,NORMAL
1,1,0,2,0,0.5,2,0.5,2,0,1,0,1,0,0,16,2,0,0,1,0,0,1,1.0,NORMAL
1,3,0,0,0,0.25,2,0.5,1,0,0,0,1,0,0,10,3,0,0,0,0,0,1,1.0,NORMAL
1,2,0,0,0,0.3333333333333333,1,1.0,1,0,0,0,1,0,0,13,0,0,0,0,0,0,1,0.5,NORMAL
21,1,0,5,0,0.9545454545454546,31,0.6774193548387096,10,1,1,0,1,0,0,15,0,0,0,1,0,1,1,1.4091,ATTACK
1,3,0,0,0,0.25,1,1.0,2,0,1,0,1,0,0,16,4,0,0,0,0,0,1,0.5,NORMAL
77,0,0,5,0,1.0,1,77.0,1,0,0,0,1,0,0,5,3,1,0,0,1,1,0,0.0128,ATTACK
1,3,0,0,0,0.25,1,1.0,2,0,1,0,1,0,0,10,0,0,0,0,0,0,1,0.5,NORMAL
1,3,0,1,0,0.25,2,0.5,1,0,0,0,1,0,0,20,3,0,0,0,0,0,1,1.0,NORMAL
2,2,1,3,0,0.5,2,1.0,1,1,0,1,1,1,0,15,0,0,1,1,1,0,1,0.6667,ATTACK
1,2,0,2,0,0.3333333333333333,1,1.0,1,0,0,0,1,0,0,14,1,0,0,0,0,0,1,0.5,NORMAL
28,0,0,5,0,1.0,17,1.6470588235294117,6,0,1,0,1,0,0,15,1,0,0,1,1,1,0,0.5862,ATTACK
1,3,0,1,0,0.25,1,1.0,2,0,1,0,1,1,0,16,1,0,0,0,0,0,1,0.5,NORMAL
2,1,0,1,0,0.6666666666666666,1,2.0,2,0,1,0,1,0,0,19,2,0,1,0,0,0,1,0.3333,NORMAL
34,0,0,2,0,1.0,2,17.0,1,1,0,0,1,0,0,11,0,0,0,1,1,1,0,0.0571,ATTACK
0,3,0,2,0,0.0,3,0.0,2,0,1,0,1,0,0,18,1,0,1,0,0,0,0,3.0,NORMAL
2,2,1,5,1,0.5,2,1.0,1,1,0,1,1,1,0,4,6,1,0,1,1,1,1,0.6667,ATTACK
0,3,0,2,0,0.0,3,0.0,1,0,0,0,1,0,0,8,3,0,0,0,1,1,0,3.0,NORMAL
53,1,0,3,0,0.9814814814814815,1,53.0,1,0,0,0,1,0,0,21,1,0,0,0,1,1,1,0.0185,ATTACK
0,3,0,1,0,0.0,2,0.0,1,0,0,0,1,0,0,13,1,0,0,0,1,0,0,2.0,NORMAL
0,2,0,1,0,0.0,2,0.0,2,0,1,0,1,0,0,8,3,0,0,0,1,1,0,2.0,NORMAL
0,2,0,0,0,0.0,3,0.0,1,0,0,0,1,0,0,11,1,0,0,0,0,0,0,3.0,NORMAL
1,3,0,1,0,0.25,1,1.0,1,0,0,0,1,1,0,11,3,0,0,0,0,0,1,0.5,NORMAL
21,1,0,2,0,0.9545454545454546,2,10.5,2,0,1,0,1,0,0,16,0,0,0,1,1,1,1,0.0909,ATTACK
3,2,2,2,0,0.6,1,3.0,1,0,0,1,1,1,0,16,1,0,0,0,0,1,1,0.25,ATTACK
1,2,0,1,0,0.3333333333333333,1,1.0,1,0,0,0,1,0,0,11,2,0,0,0,0,0,1,0.5,NORMAL
1,2,0,2,0,0.3333333333333333,1,1.0,1,0,0,0,1,0,0,19,2,0,0,0,0,0,1,0.5,NORMAL
29,1,0,5,0,0.9666666666666667,33,0.8787878787878788,12,0,1,0,1,0,0,14,5,0,0,0,0,1,1,1.1,ATTACK
1,3,0,2,0,0.25,3,0.3333333333333333,1,0,0,0,1,0,0,15,3,0,1,0,0,0,1,1.5,NORMAL
0,3,0,2,0,0.0,1,0.0,1,0,0,0,1,0,0,6,0,0,1,0,0,0,0,1.0,NORMAL
0,1,1,1,0,0.0,2,0.0,1,0,0,0,1,0,0,22,1,1,0,0,0,1,0,2.0,NORMAL
1,1,0,0,0,0.5,2,0.5,2,0,1,0,1,0,0,9,2,0,1,1,0,0,1,1.0,NORMAL
1,1,1,3,0,0.5,1,1.0,1,1,0,1,1,1,0,21,0,0,1,0,1,0,1,0.5,ATTACK
22,0,0,3,0,1.0,20,1.1,7,1,1,0,1,0,0,7,5,0,1,0,0,1,0,0.8696,ATTACK
0,2,2,4,0,0.0,1,0.0,1,1,0,0,1,1,0,16,6,0,0,1,0,0,0,1.0,ATTACK
5,2,0,1,0,0.7142857142857143,5,1.0,2,0,1,0,1,0,0,17,1,0,0,0,0,0,1,0.8333,NORMAL
48,1,0,2,0,0.9795918367346939,2,24.0,2,1,1,0,1,0,0,0,2,1,0,0,1,1,1,0.0408,ATTACK
2,3,0,0,0,0.4,1,2.0,1,0,0,0,1,0,0,19,4,0,0,0,0,0,1,0.3333,NORMAL
0,1,0,2,0,0.0,1,0.0,2,0,1,0,1,0,0,22,3,1,0,0,0,0,0,1.0,NORMAL
1,1,0,0,0,0.5,1,1.0,1,0,0,0,1,0,0,13,2,0,0,0,0,0,1,0.5,NORMAL
2,2,0,2,0,0.5,2,1.0,1,0,0,0,1,0,0,20,0,0,0,0,0,0,1,0.6667,NORMAL
2,2,0,2,0,0.5,3,0.6666666666666666,2,0,1,0,1,0,0,9,0,0,0,0,0,1,1,1.0,NORMAL
0,3,0,1,0,0.0,3,0.0,1,0,0,0,1,0,0,21,1,0,1,1,0,0,0,3.0,NORMAL
10,1,0,5,0,0.9090909090909091,16,0.625,6,0,1,0,1,0,0,5,3,1,0,1,0,0,1,1.4545,ATTACK
2,3,0,1,0,0.4,2,1.0,2,0,1,0,1,0,0,8,3,0,0,1,0,1,1,0.6667,NORMAL
0,2,0,2,0,0.0,3,0.0,2,0,1,0,1,0,0,11,1,0,0,0,0,1,0,3.0,NORMAL
1,1,0,1,0,0.5,3,0.3333333333333333,1,0,0,0,1,0,0,3,3,1,0,0,0,1,1,1.5,NORMAL
33,1,0,4,0,0.9705882352941176,32,1.03125,19,1,1,0,1,0,0,12,6,0,0,1,0,1,1,0.9412,ATTACK
2,1,0,0,0,0.6666666666666666,4,0.5,2,1,1,0,1,0,0,23,2,1,0,0,0,0,1,1.3333,NORMAL
2,3,0,2,0,0.4,2,1.0,1,0,0,0,1,0,0,6,3,0,0,1,0,0,1,0.6667,NORMAL
2,2,0,0,0,0.5,3,0.6666666666666666,1,0,0,0,1,0,0,17,2,0,0,0,0,0,1,1.0,NORMAL
2,2,0,0,0,0.5,1,2.0,1,0,0,0,1,0,0,14,0,0,1,0,0,0,1,0.3333,NORMAL
1,1,0,1,0,0.5,3,0.3333333333333333,2,0,1,0,1,0,0,18,3,0,0,0,0,0,1,1.5,NORMAL
1,2,2,2,1,0.3333333333333333,1,1.0,1,0,0,1,1,1,0,9,2,0,1,1,0,0,1,0.5,ATTACK
2,3,0,0,0,0.4,2,1.0,1,0,0,0,1,0,0,18,0,0,0,1,1,1,1,0.6667,NORMAL
2,2,1,1,0,0.5,3,0.6666666666666666,2,0,1,1,1,0,0,6,0,0,0,0,0,0,1,1.0,NORMAL
30,0,0,2,0,1.0,12,2.5,14,1,1,0,1,0,0,20,5,0,0,1,1,1,0,0.3871,ATTACK
1,3,0,2,0,0.25,3,0.3333333333333333,2,0,1,0,1,0,0,21,3,0,0,0,0,1,1,1.5,NORMAL
49,1,0,2,0,0.98,2,24.5,2,1,1,0,1,0,0,2,3,1,0,1,0,1,1,0.04,ATTACK
2,2,0,2,0,0.5,1,2.0,2,0,1,0,1,0,0,8,2,0,0,0,0,0,1,0.3333,NORMAL
50,0,0,4,0,1.0,1,50.0,1,1,0,0,1,0,0,14,0,0,0,1,1,1,0,0.0196,ATTACK
69,0,0,5,0,1.0,1,69.0,1,1,0,0,1,0,0,18,0,0,1,1,0,1,0,0.0143,ATTACK
2,3,0,0,0,0.4,3,0.6666666666666666,1,0,0,0,1,0,0,16,3,0,0,0,0,0,1,1.0,NORMAL
27,0,0,5,0,1.0,1,27.0,1,1,0,0,1,0,0,11,1,0,1,1,1,1,0,0.0357,ATTACK
0,2,0,2,0,0.0,1,0.0,1,0,0,0,1,0,0,14,0,0,0,0,1,0,0,1.0,NORMAL
2,3,0,0,0,0.4,2,1.0,1,0,0,0,1,0,0,20,1,0,0,0,0,0,1,0.6667,NORMAL
1,2,1,5,0,0.3333333333333333,1,1.0,1,1,0,1,1,1,0,12,3,0,1,0,0,0,1,0.5,ATTACK
2,1,0,1,0,0.6666666666666666,2,1.0,2,0,1,0,1,0,0,9,0,0,0,0,1,0,1,0.6667,NORMAL
0,1,0,1,0,0.0,3,0.0,2,0,1,0,1,0,0,16,4,0,0,0,1,0,0,3.0,NORMAL
30,1,0,4,0,0.967741935483871,2,15.0,2,0,1,0,1,0,0,1,1,1,0,1,1,1,1,0.0645,ATTACK
4,1,0,1,0,0.8,4,1.0,1,0,0,0,1,0,0,8,1,0,0,0,0,0,1,0.8,NORMAL
0,3,0,2,0,0.0,3,0.0,1,0,0,0,1,0,0,14,1,0,0,0,0,0,0,3.0,NORMAL
2,2,0,2,0,0.5,3,0.6666666666666666,1,0,0,0,1,0,0,18,0,0,0,0,0,0,1,1.0,NORMAL
1,2,1,2,0,0.3333333333333333,3,0.3333333333333333,1,0,0,1,1,0,0,8,1,0,0,0,0,0,1,1.5,NORMAL
2,3,0,2,0,0.4,3,0.6666666666666666,1,0,0,0,1,0,0,15,4,0,0,0,0,0,1,1.0,NORMAL
2,2,1,4,0,0.5,2,1.0,1,1,0,1,1,1,0,10,2,0,1,1,1,0,1,0.6667,ATTACK
2,1,0,1,0,0.6666666666666666,2,1.0,2,0,1,0,1,0,0,4,3,1,1,0,0,0,1,0.6667,NORMAL
1,2,0,0,0,0.3333333333333333,1,1.0,1,0,0,0,1,0,0,9,4,0,0,0,0,0,1,0.5,NORMAL
0,3,1,2,0,0.0,1,0.0,2,0,1,0,1,0,0,20,3,0,0,1,0,1,0,1.0,NORMAL
0,1,0,0,0,0.0,3,0.0,1,0,0,0,1,0,0,10,0,0,0,0,0,0,0,3.0,NORMAL
3,2,2,2,0,0.6,2,1.5,1,1,0,1,1,1,0,10,3,0,1,1,0,0,1,0.5,ATTACK
0,3,0,2,0,0.0,3,0.0,2,0,1,0,1,0,0,13,0,0,0,0,0,0,0,3.0,NORMAL
0,3,0,1,0,0.0,2,0.0,1,0,0,0,1,0,0,10,1,0,0,0,0,0,0,2.0,NORMAL
1,3,0,2,0,0.25,3,0.3333333333333333,2,0,1,0,1,0,0,15,0,0,0,1,0,0,1,1.5,NORMAL
3,2,2,5,1,0.6,1,3.0,1,1,0,1,1,1,0,16,3,0,0,1,1,0,1,0.25,ATTACK
2,3,1,1,0,0.4,1,2.0,1,0,0,1,1,0,0,12,4,0,0,1,0,0,1,0.3333,NORMAL
6,2,0,2,0,0.75,5,1.2,1,0,0,0,1,0,0,6,3,0,0,0,0,0,1,0.7143,NORMAL
1,3,0,1,0,0.25,1,1.0,2,0,1,0,1,0,0,9,4,0,0,0,0,0,1,0.5,NORMAL
2,1,0,0,0,0.6666666666666666,2,1.0,2,1,1,0,1,1,0,9,2,0,0,0,0,0,1,0.6667,NORMAL
25,0,0,2,0,1.0,34,0.7352941176470589,9,1,1,0,1,0,0,8,2,0,0,1,1,1,0,1.3077,ATTACK
27,1,0,2,0,0.9642857142857143,38,0.7105263157894737,11,0,1,0,1,0,0,10,0,0,0,1,1,1,1,1.3571,ATTACK
1,3,0,0,0,0.25,3,0.3333333333333333,1,0,0,0,1,0,0,19,2,0,0,0,0,0,1,1.5,NORMAL
0,3,0,1,0,0.0,2,0.0,2,0,1,0,1,1,0,18,1,0,0,0,0,0,0,2.0,NORMAL
1,1,0,2,0,0.5,3,0.3333333333333333,1,0,0,0,1,0,0,2,3,1,0,0,0,0,1,1.5,NORMAL
2,1,1,0,0,0.6666666666666666,1,2.0,1,0,0,1,1,0,0,7,0,0,0,0,0,0,1,0.3333,NORMAL
1,1,0,2,0,0.5,3,0.3333333333333333,2,0,1,0,1,0,0,16,1,0,0,0,0,0,1,1.5,NORMAL
2,2,0,1,0,0.5,1,2.0,2,0,1,0,1,0,0,7,2,0,0,0,0,0,1,0.3333,NORMAL
48,0,0,3,0,1.0,2,24.0,1,1,0,0,1,0,0,0,1,1,0,1,1,1,0,0.0408,ATTACK
2,3,0,2,0,0.4,3,0.6666666666666666,2,0,1,0,1,0,0,13,1,0,0,1,0,0,1,1.0,NORMAL
1,1,0,1,0,0.5,1,1.0,1,0,0,0,1,0,0,12,3,0,0,0,0,0,1,0.5,NORMAL
0,2,0,2,0,0.0,3,0.0,1,0,0,0,1,1,0,10,3,0,0,0,0,0,0,3.0,NORMAL
1,3,0,0,0,0.25,1,1.0,2,0,1,0,1,0,0,16,4,0,0,0,0,0,1,0.5,NORMAL
67,0,0,5,0,1.0,1,67.0,1,1,0,0,1,0,0,10,3,0,1,1,0,1,0,0.0147,ATTACK
0,1,0,1,0,0.0,3,0.0,2,0,1,0,1,0,0,13,2,0,0,0,0,0,0,3.0,NORMAL
0,1,0,0,0,0.0,1,0.0,1,0,0,0,1,0,0,16,2,0,0,0,0,1,0,1.0,NORMAL
40,0,0,2,1,1.0,1,40.0,2,0,1,0,1,0,0,19,4,0,0,0,1,1,0,0.0244,ATTACK
11,1,0,4,0,0.9166666666666666,37,0.2972972972972973,16,1,1,0,1,0,0,3,2,1,0,0,1,1,1,3.0833,ATTACK
1,2,0,1,0,0.3333333333333333,1,1.0,1,0,0,0,1,0,0,7,2,0,0,0,0,0,1,0.5,NORMAL
1,3,0,0,0,0.25,1,1.0,2,0,1,0,1,0,0,13,4,0,0,0,0,1,1,0.5,NORMAL
1,3,1,2,0,0.25,1,1.0,1,0,0,1,1,0,0,22,0,1,0,0,0,1,1,0.5,NORMAL
3,3,0,0,0,0.5,3,1.0,1,1,0,0,1,1,0,17,0,0,1,0,0,0,1,0.75,NORMAL
2,3,1,0,0,0.4,3,0.6666666666666666,1,0,0,1,1,0,0,13,1,0,0,0,0,0,1,1.0,NORMAL
0,1,0,0,0,0.0,3,0.0,1,0,0,0,1,1,0,8,3,0,0,0,0,0,0,3.0,NORMAL
0,3,0,2,0,0.0,2,0.0,1,0,0,0,1,1,0,13,4,0,0,1,0,0,0,2.0,NORMAL
1,3,0,1,0,0.25,3,0.3333333333333333,2,0,1,0,1,0,0,20,4,0,0,0,0,0,1,1.5,NORMAL
5,2,0,1,0,0.7142857142857143,4,1.25,1,0,0,0,1,0,0,21,2,0,0,1,1,0,1,0.6667,NORMAL
3,3,0,0,0,0.5,5,0.6,1,0,0,0,1,0,0,10,3,0,0,0,1,0,1,1.25,NORMAL
2,2,0,1,0,0.5,1,2.0,1,0,0,0,1,1,0,15,3,0,0,0,0,0,1,0.3333,NORMAL
1,2,0,2,0,0.3333333333333333,2,0.5,1,0,0,0,1,0,0,11,3,0,0,0,1,0,1,1.0,NORMAL
2,1,0,1,0,0.6666666666666666,2,1.0,2,0,1,0,1,1,0,14,3,0,0,0,0,0,1,0.6667,NORMAL
26,1,0,5,1,0.9629629629629629,16,1.625,19,1,1,0,1,0,0,13,5,0,1,0,0,1,1,0.5926,ATTACK
1,3,0,1,0,0.25,2,0.5,1,0,0,0,1,0,0,20,4,0,0,0,1,0,1,1.0,NORMAL
0,2,0,1,0,0.0,1,0.0,1,1,0,0,1,0,0,8,3,0,0,0,0,0,0,1.0,NORMAL
2,1,0,2,0,0.6666666666666666,1,2.0,2,0,1,0,1,0,0,9,4,0,0,0,0,0,1,0.3333,NORMAL
1,2,0,1,0,0.3333333333333333,2,0.5,2,0,1,0,1,0,0,10,2,0,0,0,0,0,1,1.0,NORMAL
1,2,0,2,0,0.3333333333333333,3,0.3333333333333333,1,0,0,0,1,0,0,14,0,0,0,0,1,0,1,1.5,NORMAL
2,3,0,1,0,0.4,1,2.0,2,1,1,0,1,1,0,14,2,0,0,0,0,1,1,0.3333,NORMAL
1,1,0,2,0,0.5,3,0.3333333333333333,1,0,0,0,1,0,0,14,3,0,0,0,0,0,1,1.5,NORMAL
4,1,0,0,0,0.8,3,1.3333333333333333,2,0,1,0,1,1,0,17,1,0,0,1,0,0,1,0.6,NORMAL
2,3,0,2,0,0.4,1,2.0,1,0,0,0,1,0,0,18,3,0,1,0,0,0,1,0.3333,NORMAL
1,2,0,0,0,0.3333333333333333,3,0.3333333333333333,2,1,1,0,1,0,0,10,0,0,1,0,1,0,1,1.5,NORMAL
3,1,1,4,0,0.75,2,1.5,1,1,0,1,1,1,0,9,5,0,0,0,1,0,1,0.5,ATTACK
0,2,0,2,0,0.0,2,0.0,1,0,0,0,1,1,0,13,4,0,0,0,0,1,0,2.0,NORMAL
1,2,0,0,0,0.3333333333333333,1,1.0,1,0,0,0,1,0,0,14,4,0,0,0,0,0,1,0.5,NORMAL
2,2,0,0,0,0.5,2,1.0,1,0,0,0,1,1,0,13,3,0,1,1,0,0,1,0.6667,NORMAL
0,2,0,2,0,0.0,3,0.0,1,0,0,0,1,0,0,16,1,0,0,0,0,0,0,3.0,NORMAL
2,3,0,1,0,0.4,1,2.0,2,0,1,0,1,0,0,12,1,0,0,0,0,0,1,0.3333,NORMAL
0,2,1,1,0,0.0,2,0.0,1,0,0,0,1,0,0,8,0,0,0,0,0,0,0,2.0,NORMAL
2,2,0,1,0,0.5,2,1.0,2,0,1,0,1,0,0,12,0,0,0,0,0,0,1,0.6667,NORMAL
2,2,2,4,0,0.5,1,2.0,1,1,0,1,1,1,0,3,0,1,1,1,1,1,1,0.3333,ATTACK
2,3,0,1,0,0.4,2,1.0,1,0,0,0,1,0,0,13,2,0,0,0,0,0,1,0.6667,NORMAL
3,2,0,0,0,0.6,3,1.0,1,0,0,0,1,0,0,20,4,0,0,0,0,1,1,0.75,NORMAL
0,2,0,1,0,0.0,2,0.0,1,0,0,0,1,0,0,18,3,0,0,0,0,0,0,2.0,NORMAL
1,3,0,2,0,0.25,1,1.0,1,0,0,0,1,0,0,11,1,0,0,0,0,0,1,0.5,NORMAL
2,2,0,1,0,0.5,3,0.6666666666666666,2,0,1,0,1,1,0,12,4,0,1,0,1,1,1,1.0,NORMAL
1,1,0,1,0,0.5,2,0.5,1,0,0,0,1,0,0,9,3,0,0,0,0,0,1,1.0,NORMAL
5,3,0,2,0,0.625,4,1.25,2,0,1,0,1,0,0,9,3,0,0,0,0,0,1,0.6667,NORMAL
0,2,0,0,0,0.0,1,0.0,1,0,0,0,1,0,0,8,4,0,0,0,0,1,0,1.0,NORMAL
2,2,0,0,0,0.5,3,0.6666666666666666,2,0,1,0,1,0,0,4,4,1,0,0,0,0,1,1.0,NORMAL
0,1,0,2,0,0.0,3,0.0,2,0,1,0,1,0,0,20,3,0,1,0,0,0,0,3.0,NORMAL
4,2,0,0,0,0.6666666666666666,2,2.0,2,0,1,0,1,0,0,7,4,0,0,0,0,0,1,0.4,NORMAL
2,3,0,2,0,0.4,3,0.6666666666666666,1,0,0,0,1,0,0,9,1,0,0,1,1,1,1,1.0,NORMAL
2,2,0,2,0,0.5,2,1.0,1,0,0,0,1,0,0,10,1,0,0,0,0,0,1,0.6667,NORMAL
2,2,2,5,1,0.5,2,1.0,1,0,0,1,1,1,0,22,0,1,0,1,1,1,1,0.6667,ATTACK
1,2,0,0,0,0.3333333333333333,2,0.5,1,0,0,0,1,1,0,17,2,0,0,1,0,1,1,1.0,NORMAL
0,3,0,1,0,0.0,2,0.0,2,0,1,0,1,1,0,13,0,0,0,0,0,1,0,2.0,NORMAL
0,3,0,2,0,0.0,3,0.0,1,0,0,0,1,0,0,17,2,0,0,0,1,0,0,3.0,NORMAL
0,2,0,2,0,0.0,2,0.0,2,0,1,0,1,0,0,17,1,0,0,0,0,0,0,2.0,NORMAL
1,3,0,2,0,0.25,1,1.0,2,0,1,0,1,0,0,11,0,0,0,0,1,0,1,0.5,NORMAL
0,2,0,2,0,0.0,2,0.0,1,0,0,0,1,0,0,22,4,1,0,0,0,0,0,2.0,NORMAL
0,3,0,0,0,0.0,3,0.0,2,0,1,0,1,0,0,12,0,0,0,0,0,0,0,3.0,NORMAL
2,2,0,2,0,0.5,2,1.0,1,0,0,0,1,0,0,8,4,0,0,0,1,1,1,0.6667,NORMAL
19,0,0,2,0,1.0,19,1.0,14,1,1,0,1,0,0,0,6,1,0,1,1,1,0,0.95,ATTACK
2,2,2,2,0,0.5,1,2.0,1,1,0,1,1,1,0,2,0,1,0,0,1,1,1,0.3333,ATTACK
0,2,0,0,0,0.0,2,0.0,2,0,1,0,1,0,0,9,4,0,0,0,0,0,0,2.0,NORMAL
2,1,0,2,0,0.6666666666666666,1,2.0,1,0,0,0,1,0,0,19,1,0,0,0,0,1,1,0.3333,NORMAL
31,0,0,5,0,1.0,23,1.3478260869565217,5,0,1,0,1,0,0,12,5,0,0,0,1,1,0,0.7188,ATTACK
2,1,0,2,0,0.6666666666666666,1,2.0,1,0,0,0,1,0,0,15,2,0,0,0,0,0,1,0.3333,NORMAL
1,3,1,1,0,0.25,2,0.5,2,0,1,1,1,0,0,8,0,0,0,0,0,0,1,1.0,NORMAL
5,1,0,0,0,0.8333333333333334,3,1.6666666666666667,2,0,1,0,1,0,0,7,4,0,0,0,0,0,1,0.5,NORMAL
1,2,0,1,0,0.3333333333333333,2,0.5,1,0,0,0,1,1,0,7,3,0,0,0,0,1,1,1.0,NORMAL
2,1,0,2,0,0.6666666666666666,2,1.0,2,0,1,0,1,0,0,16,3,0,0,0,0,0,1,0.6667,NORMAL
2,1,0,1,0,0.6666666666666666,1,2.0,1,0,0,0,1,0,0,20,1,0,0,0,0,0,1,0.3333,NORMAL
1,2,0,2,0,0.3333333333333333,3,0.3333333333333333,2,0,1,0,1,0,0,12,2,0,0,0,1,0,1,1.5,NORMAL
1,3,0,1,0,0.25,2,0.5,2,0,1,0,1,0,0,12,3,0,0,0,0,1,1,1.0,NORMAL
0,3,0,2,0,0.0,3,0.0,1,0,0,0,1,0,0,8,2,0,0,0,0,0,0,3.0,NORMAL
0,2,0,1,0,0.0,1,0.0,1,0,0,0,1,0,0,12,4,0,0,0,0,0,0,1.0,NORMAL
1,2,0,1,0,0.3333333333333333,1,1.0,2,0,1,0,1,0,0,10,4,0,0,0,0,0,1,0.5,NORMAL
2,2,0,2,0,0.5,2,1.0,2,0,1,0,1,0,0,12,4,0,0,1,0,0,1,0.6667,NORMAL
0,3,0,1,0,0.0,1,0.0,1,0,0,0,1,0,0,7,0,0,0,0,1,0,0,1.0,NORMAL
2,1,0,1,0,0.6666666666666666,3,0.6666666666666666,1,0,0,0,1,0,0,6,1,0,0,0,0,1,1,1.0,NORMAL
2,3,1,2,0,0.4,4,0.5,2,0,1,1,1,0,0,10,4,0,0,0,0,0,1,1.3333,NORMAL
0,1,0,0,0,0.0,3,0.0,2,0,1,0,1,1,0,17,3,0,1,0,0,0,0,3.0,NORMAL
1,1,0,2,0,0.5,1,1.0,1,0,0,0,1,0,0,12,4,0,0,0,0,0,1,0.5,NORMAL
1,2,0,0,0,0.3333333333333333,1,1.0,2,0,1,0,1,0,0,13,4,0,1,0,0,0,1,0.5,NORMAL
63,0,0,2,1,1.0,2,31.5,2,0,1,0,1,0,0,16,2,0,1,1,0,1,0,0.0312,ATTACK
1,2,0,0,0,0.3333333333333333,3,0.3333333333333333,1,0,0,0,1,0,0,13,0,0,0,1,0,0,1,1.5,NORMAL
4,3,0,2,0,0.5714285714285714,4,1.0,1,0,0,0,1,0,0,7,0,0,0,0,0,0,1,0.8,NORMAL
24,1,0,4,0,0.96,12,2.0,10,1,1,0,1,0,0,14,2,0,0,1,0,1,1,0.48,ATTACK
5,2,0,2,0,0.7142857142857143,3,1.6666666666666667,1,0,0,0,1,0,0,2,3,1,0,1,0,0,1,0.5,NORMAL
20,0,0,4,0,1.0,36,0.5555555555555556,8,1,1,0,1,0,0,6,3,0,1,1,1,1,0,1.7143,ATTACK
0,1,1,2,0,0.0,1,0.0,1,1,0,0,1,1,0,12,0,0,1,0,1,0,0,1.0,ATTACK
1,2,2,5,0,0.3333333333333333,1,1.0,1,0,0,1,1,1,0,4,2,1,0,1,1,1,1,0.5,ATTACK
6,1,0,1,0,0.8571428571428571,2,3.0,2,1,1,0,1,0,0,16,1,0,0,0,0,0,1,0.2857,NORMAL
2,3,0,2,0,0.4,3,0.6666666666666666,2,0,1,0,1,0,0,1,4,1,0,0,0,0,1,1.0,NORMAL
3,2,1,3,0,0.6,1,3.0,1,1,0,1,1,1,0,20,3,0,0,0,1,0,1,0.25,ATTACK
2,1,2,5,0,0.6666666666666666,1,2.0,1,0,0,1,1,1,0,16,2,0,0,0,0,0,1,0.3333,ATTACK
1,2,1,4,0,0.3333333333333333,1,1.0,1,0,0,1,1,1,0,17,5,0,1,0,1,0,1,0.5,ATTACK
39,0,0,3,0,1.0,16,2.4375,8,1,1,0,1,0,0,7,6,0,1,1,0,1,0,0.4,ATTACK
2,1,0,0,0,0.6666666666666666,1,2.0,1,0,0,0,1,0,0,9,2,0,0,0,0,1,1,0.3333,NORMAL
1,3,0,0,0,0.25,3,0.3333333333333333,2,0,1,0,1,0,0,15,1,0,0,1,0,0,1,1.5,NORMAL
29,1,0,3,0,0.9666666666666667,2,14.5,2,0,1,0,1,0,0,5,4,1,0,1,1,1,1,0.0667,ATTACK
6,1,0,1,0,0.8571428571428571,5,1.2,1,0,0,0,1,1,0,10,3,0,0,0,0,0,1,0.7143,NORMAL
2,3,0,1,0,0.4,2,1.0,2,0,1,0,1,0,0,15,4,0,1,0,0,0,1,0.6667,NORMAL
1,1,0,1,0,0.5,2,0.5,2,0,1,0,1,1,0,11,3,0,0,0,1,0,1,1.0,NORMAL
57,1,0,2,1,0.9827586206896551,1,57.0,2,1,1,0,1,0,0,22,4,1,0,0,0,1,1,0.0172,ATTACK
0,1,1,5,0,0.0,1,0.0,1,1,0,0,1,1,0,6,1,0,0,1,1,1,0,1.0,ATTACK
2,2,0,2,0,0.5,3,0.6666666666666666,1,0,0,0,1,0,0,9,3,0,0,1,0,0,1,1.0,NORMAL
0,3,0,1,0,0.0,3,0.0,2,0,1,0,1,1,0,20,3,0,0,0,0,0,0,3.0,NORMAL
0,1,0,1,0,0.0,3,0.0,2,0,1,0,1,0,0,12,0,0,0,0,1,0,0,3.0,NORMAL
4,2,0,2,0,0.6666666666666666,4,1.0,2,0,1,0,1,0,0,17,3,0,0,0,0,0,1,0.8,NORMAL
11,1,0,3,0,0.9166666666666666,26,0.4230769230769231,12,1,1,0,1,0,0,7,1,0,1,1,0,1,1,2.1667,ATTACK
1,3,0,2,0,0.25,1,1.0,1,0,0,0,1,1,0,9,0,0,1,1,0,0,1,0.5,NORMAL
1,3,0,0,0,0.25,2,0.5,2,0,1,0,1,1,0,15,4,0,0,0,0,0,1,1.0,NORMAL
1,2,0,2,0,0.3333333333333333,1,1.0,2,0,1,0,1,0,0,11,3,0,0,0,0,1,1,0.5,NORMAL
0,1,0,1,0,0.0,2,0.0,1,0,0,0,1,0,0,19,3,0,0,0,0,0,0,2.0,NORMAL
39,1,0,2,0,0.975,10,3.9,8,1,1,0,1,0,0,14,1,0,1,0,0,1,1,0.25,ATTACK
6,2,0,2,0,0.75,4,1.5,1,0,0,0,1,0,0,0,2,1,0,1,0,0,1,0.5714,NORMAL
2,1,0,2,0,0.6666666666666666,3,0.6666666666666666,1,0,0,0,1,1,0,3,0,1,1,0,0,0,1,1.0,NORMAL
1,1,0,0,0,0.5,3,0.3333333333333333,2,0,1,0,1,1,0,13,2,0,0,0,0,1,1,1.5,NORMAL
2,1,0,2,0,0.6666666666666666,1,2.0,2,0,1,0,1,0,0,14,4,0,0,0,1,0,1,0.3333,NORMAL
0,2,0,0,0,0.0,2,0.0,1,0,0,0,1,0,0,6,4,0,0,0,0,0,0,2.0,NORMAL
0,2,0,2,0,0.0,2,0.0,1,0,0,0,1,1,0,11,2,0,0,0,0,0,0,2.0,NORMAL
0,1,0,0,0,0.0,2,0.0,2,0,1,0,1,0,0,20,4,0,0,0,1,0,0,2.0,NORMAL
2,1,0,2,0,0.6666666666666666,2,1.0,2,0,1,0,1,0,0,14,2,0,0,0,0,0,1,0.6667,NORMAL
25,1,0,2,1,0.9615384615384616,1,25.0,2,0,1,0,1,0,0,2,0,1,0,0,1,1,1,0.0385,ATTACK
1,1,0,2,0,0.5,1,1.0,1,0,0,0,1,0,0,19,2,0,0,1,0,0,1,0.5,NORMAL
16,1,0,4,0,0.9411764705882353,39,0.41025641025641024,11,1,1,0,1,0,0,20,2,0,0,0,1,1,1,2.2941,ATTACK
2,1,2,2,1,0.6666666666666666,1,2.0,1,1,0,1,1,1,0,22,5,1,1,1,1,1,1,0.3333,ATTACK
2,3,0,0,0,0.4,2,1.0,1,0,0,0,1,1,0,13,3,0,1,0,0,0,1,0.6667,NORMAL
2,2,0,1,0,0.5,3,0.6666666666666666,1,0,0,0,1,0,0,15,4,0,1,0,0,0,1,1.0,NORMAL
1,3,0,2,0,0.25,1,1.0,2,0,1,0,1,0,0,14,3,0,0,0,0,0,1,0.5,NORMAL
0,3,0,2,0,0.0,2,0.0,2,1,1,0,1,0,0,7,3,0,0,1,0,0,0,2.0,NORMAL
2,2,0,1,0,0.5,2,1.0,1,0,0,0,1,1,0,12,3,0,1,0,0,1,1,0.6667,NORMAL
2,1,0,1,0,0.6666666666666666,2,1.0,1,0,0,0,1,0,0,8,2,0,0,0,0,0,1,0.6667,NORMAL
2,2,0,1,0,0.5,1,2.0,1,1,0,0,1,0,0,23,2,1,0,1,0,0,1,0.3333,NORMAL
1,3,0,1,0,0.25,2,0.5,1,0,0,0,1,0,0,8,3,0,0,0,0,0,1,1.0,NORMAL
0,1,0,1,0,0.0,2,0.0,2,0,1,0,1,1,0,10,0,0,0,0,0,0,0,2.0,NORMAL
2,3,0,1,0,0.4,3,0.6666666666666666,2,0,1,0,1,0,0,4,4,1,0,1,0,0,1,1.0,NORMAL
0,1,0,1,0,0.0,3,0.0,1,0,0,0,1,1,0,11,2,0,0,0,0,0,0,3.0,NORMAL
2,1,0,0,0,0.6666666666666666,2,1.0,2,0,1,0,1,1,0,9,3,0,0,1,0,0,1,0.6667,NORMAL
35,0,0,3,1,1.0,15,2.3333333333333335,6,1,1,0,1,0,0,18,1,0,1,1,1,1,0,0.4167,ATTACK
0,2,0,0,0,0.0,3,0.0,1,0,0,0,1,1,0,16,3,0,0,0,0,0,0,3.0,NORMAL
2,1,0,1,0,0.6666666666666666,1,2.0,2,0,1,0,1,0,0,10,2,0,0,0,0,0,1,0.3333,NORMAL
0,2,2,3,1,0.0,2,0.0,1,0,0,0,1,1,0,16,2,0,0,1,1,0,0,2.0,ATTACK
58,0,0,4,0,1.0,1,58.0,1,1,0,0,1,0,0,16,0,0,0,1,0,1,0,0.0169,ATTACK
0,1,0,2,0,0.0,3,0.0,1,0,0,0,1,1,0,10,0,0,0,0,0,0,0,3.0,NORMAL
2,1,0,0,0,0.6666666666666666,1,2.0,2,0,1,0,1,0,0,10,1,0,0,0,1,0,1,0.3333,NORMAL
1,2,0,1,0,0.3333333333333333,1,1.0,1,0,0,0,1,0,0,21,3,0,0,1,0,0,1,0.5,NORMAL
1,1,0,1,0,0.5,3,0.3333333333333333,2,0,1,0,1,0,0,17,1,0,0,0,0,0,1,1.5,NORMAL
1,1,0,0,0,0.5,1,1.0,2,0,1,0,1,0,0,20,0,0,0,0,0,0,1,0.5,NORMAL
2,1,0,2,0,0.6666666666666666,1,2.0,2,0,1,0,1,0,0,10,3,0,0,0,1,0,1,0.3333,NORMAL
76,1,0,5,0,0.987012987012987,2,38.0,1,1,0,0,1,0,0,1,1,1,0,1,1,1,1,0.026,ATTACK
1,3,0,1,0,0.25,1,1.0,2,0,1,0,1,0,0,18,3,0,0,0,1,0,1,0.5,NORMAL
5,2,0,2,0,0.7142857142857143,2,2.5,1,0,0,0,1,1,0,12,0,0,0,0,0,0,1,0.3333,NORMAL
0,1,1,3,0,0.0,2,0.0,1,1,0,0,1,1,0,12,4,0,1,1,0,0,0,2.0,ATTACK
2,1,0,0,0,0.6666666666666666,1,2.0,2,0,1,0,1,0,0,8,2,0,0,0,0,0,1,0.3333,NORMAL
1,3,0,1,0,0.25,1,1.0,1,0,0,0,1,0,0,3,4,1,0,0,0,0,1,0.5,NORMAL
1,1,0,0,0,0.5,3,0.3333333333333333,2,0,1,0,1,0,0,15,3,0,0,0,0,0,1,1.5,NORMAL
2,3,0,2,0,0.4,2,1.0,2,0,1,0,1,1,0,19,1,0,0,0,0,0,1,0.6667,NORMAL
0,3,0,0,0,0.0,1,0.0,2,0,1,0,1,0,0,15,4,0,0,1,0,0,0,1.0,NORMAL
26,1,0,4,0,0.9629629629629629,27,0.9629629629629629,13,1,1,0,1,0,0,7,5,0,1,0,1,1,1,1.0,ATTACK
0,3,0,0,0,0.0,3,0.0,1,0,0,0,1,0,0,3,3,1,0,0,0,0,0,3.0,NORMAL
0,2,0,0,0,0.0,1,0.0,1,0,0,0,1,0,0,14,3,0,0,0,1,0,0,1.0,NORMAL
1,1,0,2,0,0.5,2,0.5,1,0,0,0,1,0,0,18,3,0,0,0,0,0,1,1.0,NORMAL
18,1,0,2,0,0.9473684210526315,19,0.9473684210526315,10,1,1,0,1,0,0,17,1,0,1,1,1,1,1,1.0,ATTACK
1,1,0,0,0,0.5,1,1.0,2,0,1,0,1,0,0,15,0,0,0,0,1,0,1,0.5,NORMAL
30,1,0,3,1,0.967741935483871,2,15.0,1,1,0,0,1,0,0,8,1,0,0,1,0,1,1,0.0645,ATTACK
1,2,0,0,0,0.3333333333333333,2,0.5,1,0,0,0,1,0,0,19,0,0,0,0,0,0,1,1.0,NORMAL
0,1,0,0,0,0.0,2,0.0,1,0,0,0,1,0,0,10,0,0,0,0,1,0,0,2.0,NORMAL
72,1,0,4,0,0.9863013698630136,1,72.0,2,1,1,0,1,0,0,14,3,0,0,1,1,1,1,0.0137,ATTACK
2,3,0,1,0,0.4,2,1.0,2,0,1,0,1,1,0,19,1,0,0,0,0,0,1,0.6667,NORMAL
0,3,0,1,0,0.0,2,0.0,2,0,1,0,1,0,0,9,4,0,0,0,0,0,0,2.0,NORMAL
2,3,0,0,0,0.4,2,1.0,2,0,1,0,1,1,0,7,4,0,0,0,0,1,1,0.6667,NORMAL
59,1,0,3,0,0.9833333333333333,2,29.5,2,0,1,0,1,0,0,15,6,0,0,0,0,1,1,0.0333,ATTACK
1,1,2,2,0,0.5,1,1.0,1,1,0,1,1,1,0,3,4,1,0,1,0,1,1,0.5,ATTACK
1,1,0,1,0,0.5,2,0.5,2,1,1,0,1,0,0,12,4,0,0,0,0,0,1,1.0,NORMAL
1,1,0,2,0,0.5,2,0.5,1,0,0,0,1,0,0,9,4,0,0,0,0,0,1,1.0,NORMAL
2,1,0,1,0,0.6666666666666666,2,1.0,2,0,1,0,1,0,0,18,0,0,0,0,0,0,1,0.6667,NORMAL
2,1,1,5,1,0.6666666666666666,1,2.0,1,1,0,1,1,1,0,9,4,0,0,1,1,0,1,0.3333,ATTACK
1,3,0,2,0,0.25,1,1.0,1,0,0,0,1,0,0,10,1,0,0,0,1,1,1,0.5,NORMAL
76,1,0,3,0,0.987012987012987,2,38.0,2,1,1,0,1,0,0,17,5,0,0,1,1,1,1,0.026,ATTACK
1,2,0,1,0,0.3333333333333333,3,0.3333333333333333,1,1,0,0,1,1,0,13,2,0,0,0,0,1,1,1.5,NORMAL
1,1,0,1,0,0.5,1,1.0,2,0,1,0,1,1,0,8,1,0,0,0,0,0,1,0.5,NORMAL
0,1,0,2,0,0.0,2,0.0,1,0,0,0,1,0,0,14,4,0,0,1,0,0,0,2.0,NORMAL
0,1,0,0,0,0.0,3,0.0,1,0,0,0,1,0,0,8,2,0,0,0,1,0,0,3.0,NORMAL
0,1,2,5,0,0.0,1,0.0,1,1,0,0,1,1,0,3,4,1,0,0,0,1,0,1.0,ATTACK
16,1,0,4,0,0.9411764705882353,13,1.2307692307692308,12,1,1,0,1,0,0,16,6,0,1,1,0,1,1,0.7647,ATTACK
1,2,0,0,0,0.3333333333333333,1,1.0,1,0,0,0,1,0,0,12,4,0,0,0,0,0,1,0.5,NORMAL
2,3,0,0,0,0.4,2,1.0,2,0,1,0,1,0,0,8,0,0,0,0,1,1,1,0.6667,NORMAL
73,1,0,5,1,0.9864864864864865,1,73.0,2,1,1,0,1,0,0,19,3,0,0,0,1,1,1,0.0135,ATTACK
0,3,0,2,0,0.0,2,0.0,2,0,1,0,1,0,0,22,0,1,0,0,1,0,0,2.0,NORMAL
1,2,1,0,0,0.3333333333333333,2,0.5,1,0,0,1,1,1,0,17,2,0,0,0,1,0,1,1.0,NORMAL
3,1,1,2,0,0.75,1,3.0,1,1,0,1,1,1,0,1,5,1,1,1,1,1,1,0.25,ATTACK
2,2,0,0,0,0.5,2,1.0,2,0,1,0,1,0,0,16,1,0,0,1,0,0,1,0.6667,NORMAL
2,1,0,1,0,0.6666666666666666,3,0.6666666666666666,1,0,0,0,1,0,0,8,2,0,0,0,0,0,1,1.0,NORMAL
0,1,0,2,0,0.0,1,0.0,1,0,0,0,1,0,0,15,3,0,0,0,1,0,0,1.0,NORMAL
1,1,0,2,0,0.5,3,0.3333333333333333,1,0,0,0,1,1,0,8,0,0,0,0,0,0,1,1.5,NORMAL
35,0,0,3,0,1.0,16,2.1875,16,0,1,0,1,0,0,17,0,0,1,1,1,1,0,0.4444,ATTACK
1,1,1,0,0,0.5,1,1.0,1,0,0,1,1,0,0,17,1,0,0,0,0,0,1,0.5,NORMAL
1,3,0,2,0,0.25,2,0.5,2,0,1,0,1,0,0,13,2,0,0,0,0,0,1,1.0,NORMAL
34,0,0,2,0,1.0,16,2.125,9,0,1,0,1,0,0,14,5,0,0,1,1,1,0,0.4571,ATTACK
5,3,0,0,0,0.625,2,2.5,1,0,0,0,1,0,0,11,0,0,1,0,0,1,1,0.3333,NORMAL
57,0,0,2,0,1.0,1,57.0,2,0,1,0,1,0,0,8,3,0,0,1,1,1,0,0.0172,ATTACK
0,1,0,1,0,0.0,3,0.0,1,0,0,0,1,0,0,2,3,1,0,0,0,0,0,3.0,NORMAL
12,1,0,3,0,0.9230769230769231,25,0.48,15,1,1,0,1,0,0,22,3,1,0,1,1,1,1,1.9231,ATTACK
23,0,0,2,0,1.0,30,0.7666666666666667,9,1,1,0,1,0,0,9,1,0,1,0,0,1,0,1.25,ATTACK
1,2,1,0,0,0.3333333333333333,1,1.0,1,0,0,1,1,1,0,17,0,0,0,0,0,0,1,0.5,NORMAL
2,3,0,1,0,0.4,2,1.0,2,0,1,0,1,1,0,8,4,0,0,0,1,0,1,0.6667,NORMAL
1,3,1,0,0,0.25,2,0.5,2,0,1,1,1,0,0,13,0,0,0,0,0,0,1,1.0,NORMAL
1,3,0,2,0,0.25,2,0.5,2,0,1,0,1,1,0,14,0,0,0,1,0,0,1,1.0,NORMAL
0,1,0,0,0,0.0,3,0.0,1,0,0,0,1,0,0,10,3,0,0,0,0,0,0,3.0,NORMAL
1,1,0,0,0,0.5,3,0.3333333333333333,2,0,1,0,1,1,0,8,4,0,0,0,0,0,1,1.5,NORMAL
2,1,1,0,0,0.6666666666666666,2,1.0,2,0,1,1,1,0,0,8,2,0,0,1,0,0,1,0.6667,NORMAL
0,2,0,1,0,0.0,1,0.0,1,0,0,0,1,1,0,20,3,0,0,0,0,0,0,1.0,NORMAL
2,2,0,1,0,0.5,1,2.0,1,0,0,0,1,1,0,5,0,1,0,0,0,0,1,0.3333,NORMAL
2,1,1,0,0,0.6666666666666666,3,0.6666666666666666,2,0,1,1,1,1,0,8,2,0,0,1,0,1,1,1.0,NORMAL
2,3,0,1,0,0.4,1,2.0,2,0,1,0,1,0,0,10,3,0,0,1,0,0,1,0.3333,NORMAL
3,1,0,1,0,0.75,3,1.0,1,0,0,0,1,1,0,9,4,0,0,0,0,0,1,0.75,NORMAL
1,3,0,2,0,0.25,3,0.3333333333333333,1,0,0,0,1,0,0,19,0,0,0,1,0,1,1,1.5,NORMAL
2,2,0,2,0,0.5,1,2.0,2,0,1,0,1,0,0,8,2,0,0,0,1,0,1,0.3333,NORMAL
2,3,0,1,0,0.4,2,1.0,2,0,1,0,1,0,0,12,1,0,1,0,0,0,1,0.6667,NORMAL
0,2,1,2,0,0.0,2,0.0,1,0,0,0,1,0,0,8,0,0,0,0,0,1,0,2.0,NORMAL
2,2,0,1,0,0.5,3,0.6666666666666666,1,0,0,0,1,0,0,15,4,0,0,1,0,0,1,1.0,NORMAL
2,3,1,1,0,0.4,1,2.0,1,0,0,1,1,0,0,8,0,0,0,1,0,0,1,0.3333,NORMAL
46,1,0,2,0,0.9787234042553191,1,46.0,1,1,0,0,1,0,0,19,0,0,0,1,1,1,1,0.0213,ATTACK
0,1,0,0,0,0.0,1,0.0,1,0,0,0,1,0,0,8,2,0,0,0,0,0,0,1.0,NORMAL
0,1,0,2,0,0.0,3,0.0,2,0,1,0,1,0,0,18,3,0,0,1,1,0,0,3.0,NORMAL
1,1,0,2,0,0.5,3,0.3333333333333333,1,0,0,0,1,0,0,7,0,0,0,0,1,1,1,1.5,NORMAL
2,3,0,0,0,0.4,3,0.6666666666666666,2,0,1,0,1,0,0,10,0,0,0,0,0,0,1,1.0,NORMAL
1,3,0,0,0,0.25,2,0.5,2,0,1,0,1,0,0,10,2,0,0,0,0,1,1,1.0,NORMAL
0,3,1,2,0,0.0,2,0.0,1,0,0,0,1,1,0,8,4,0,0,0,0,0,0,2.0,NORMAL
1,2,0,2,0,0.3333333333333333,2,0.5,1,1,0,0,1,0,0,8,3,0,0,0,0,0,1,1.0,NORMAL
2,1,0,2,0,0.6666666666666666,2,1.0,1,0,0,0,1,0,0,15,2,0,0,0,0,0,1,0.6667,NORMAL
2,2,0,2,0,0.5,2,1.0,1,0,0,0,1,0,0,15,2,0,0,0,0,0,1,0.6667,NORMAL
1,2,1,2,1,0.3333333333333333,1,1.0,1,0,0,1,1,1,0,3,6,1,0,1,0,1,1,0.5,ATTACK
0,3,0,2,0,0.0,1,0.0,1,0,0,0,1,0,0,15,0,0,0,0,0,0,0,1.0,NORMAL
3,2,0,1,0,0.6,3,1.0,1,0,0,0,1,1,0,7,4,0,0,0,0,0,1,0.75,NORMAL
76,1,0,4,0,0.987012987012987,1,76.0,2,1,1,0,1,0,0,19,0,0,0,1,0,1,1,0.013,ATTACK
30,1,0,4,0,0.967741935483871,28,1.0714285714285714,11,0,1,0,1,0,0,21,3,0,0,1,0,1,1,0.9032,ATTACK
16,0,0,3,0,1.0,21,0.7619047619047619,16,1,1,0,1,0,0,18,2,0,1,0,1,1,0,1.2353,ATTACK
1,1,1,3,0,0.5,1,1.0,1,0,0,1,1,1,0,9,3,0,1,1,1,0,1,0.5,ATTACK
49,1,0,5,0,0.98,2,24.5,2,0,1,0,1,0,0,13,3,0,1,1,0,1,1,0.04,ATTACK
1,3,0,1,0,0.25,1,1.0,1,0,0,0,1,0,0,9,0,0,0,0,0,0,1,0.5,NORMAL
2,3,0,2,0,0.4,2,1.0,1,0,0,0,1,0,0,14,3,0,0,0,0,0,1,0.6667,NORMAL
0,2,0,0,0,0.0,2,0.0,2,0,1,0,1,0,0,17,1,0,0,0,0,0,0,2.0,NORMAL
2,2,0,1,0,0.5,1,2.0,2,0,1,0,1,0,0,11,1,0,0,0,0,0,1,0.3333,NORMAL
0,2,0,2,0,0.0,1,0.0,2,0,1,0,1,0,0,18,1,0,0,0,0,0,0,1.0,NORMAL
2,1,0,0,0,0.6666666666666666,3,0.6666666666666666,2,0,1,0,1,0,0,7,1,0,0,0,1,0,1,1.0,NORMAL
5,1,0,0,0,0.8333333333333334,2,2.5,2,0,1,0,1,0,0,22,0,1,0,0,0,1,1,0.3333,NORMAL
2,2,2,2,0,0.5,2,1.0,1,1,0,1,1,1,0,16,3,0,0,1,0,0,1,0.6667,ATTACK
4,2,0,0,0,0.6666666666666666,5,0.8,2,0,1,0,1,0,0,18,0,0,0,1,0,0,1,1.0,NORMAL
73,0,0,4,0,1.0,2,36.5,2,0,1,0,1,0,0,23,0,1,0,0,0,1,0,0.027,ATTACK
0,1,0,0,0,0.0,3,0.0,2,0,1,0,1,0,0,12,0,0,0,0,0,0,0,3.0,NORMAL
2,3,1,2,0,0.4,3,0.6666666666666666,2,0,1,1,1,0,0,15,0,0,0,1,0,0,1,1.0,NORMAL
27,0,0,4,1,1.0,2,13.5,2,0,1,0,1,0,0,14,2,0,0,0,1,1,0,0.0714,ATTACK
0,2,0,0,0,0.0,3,0.0,2,0,1,0,1,0,0,15,2,0,0,0,0,0,0,3.0,NORMAL
2,2,2,4,0,0.5,1,2.0,1,1,0,1,1,1,0,20,3,0,0,0,1,1,1,0.3333,ATTACK
2,2,0,1,0,0.5,3,0.6666666666666666,1,0,0,0,1,0,0,8,2,0,0,0,0,0,1,1.0,NORMAL
2,3,0,2,0,0.4,1,2.0,1,0,0,0,1,0,0,14,1,0,1,1,0,0,1,0.3333,NORMAL
77,0,0,5,0,1.0,1,77.0,1,1,0,0,1,0,0,17,2,0,1,0,1,1,0,0.0128,ATTACK
0,1,1,1,0,0.0,1,0.0,1,0,0,0,1,0,0,11,1,0,0,0,0,0,0,1.0,NORMAL
1,2,0,0,0,0.3333333333333333,1,1.0,1,0,0,0,1,1,0,8,0,0,0,0,0,0,1,0.5,NORMAL
0,2,0,0,0,0.0,2,0.0,2,0,1,0,1,0,0,6,1,0,0,0,0,1,0,2.0,NORMAL
0,2,0,1,0,0.0,1,0.0,1,0,0,0,1,0,0,16,1,0,0,1,0,0,0,1.0,NORMAL
2,1,0,2,0,0.6666666666666666,3,0.6666666666666666,2,1,1,0,1,0,0,19,2,0,0,0,0,0,1,1.0,NORMAL
46,0,0,2,0,1.0,2,23.0,2,1,1,0,1,0,0,13,0,0,1,1,0,1,0,0.0426,ATTACK
0,2,1,5,0,0.0,1,0.0,1,0,0,0,1,1,0,17,4,0,0,1,1,1,0,1.0,ATTACK
2,1,1,1,0,0.6666666666666666,3,0.6666666666666666,2,0,1,1,1,0,0,12,3,0,0,0,1,0,1,1.0,NORMAL
1,2,0,0,0,0.3333333333333333,1,1.0,2,0,1,0,1,0,0,14,4,0,0,0,0,0,1,0.5,NORMAL
0,3,0,0,0,0.0,1,0.0,1,0,0,0,1,0,0,9,0,0,0,0,0,0,0,1.0,NORMAL
24,1,0,2,0,0.96,2,12.0,1,0,0,0,1,0,0,3,2,1,1,1,1,1,1,0.08,ATTACK
2,1,0,0,0,0.6666666666666666,2,1.0,2,0,1,0,1,0,0,15,1,0,0,1,0,0,1,0.6667,NORMAL
2,2,1,1,0,0.5,1,2.0,1,0,0,1,1,0,0,17,2,0,0,0,0,1,1,0.3333,NORMAL
5,3,0,2,0,0.625,3,1.6666666666666667,2,0,1,0,1,0,0,14,3,0,0,0,0,1,1,0.5,NORMAL
24,1,0,2,0,0.96,2,12.0,2,0,1,0,1,0,0,0,0,1,0,1,1,1,1,0.08,ATTACK
1,2,0,2,0,0.3333333333333333,2,0.5,1,0,0,0,1,0,0,8,4,0,0,0,0,0,1,1.0,NORMAL
2,2,0,1,0,0.5,2,1.0,2,0,1,0,1,0,0,14,4,0,0,0,0,0,1,0.6667,NORMAL
1,2,0,0,0,0.3333333333333333,3,0.3333333333333333,2,0,1,0,1,1,0,14,4,0,0,0,0,0,1,1.5,NORMAL
0,2,0,1,0,0.0,2,0.0,2,1,1,0,1,0,0,22,0,1,1,0,0,0,0,2.0,NORMAL
2,1,0,2,0,0.6666666666666666,2,1.0,2,0,1,0,1,0,0,23,0,1,0,0,1,0,1,0.6667,NORMAL
2,1,0,0,0,0.6666666666666666,3,0.6666666666666666,1,0,0,0,1,0,0,11,0,0,0,0,0,0,1,1.0,NORMAL
27,0,0,4,0,1.0,2,13.5,2,1,1,0,1,0,0,5,1,1,0,1,0,1,0,0.0714,ATTACK
2,3,0,0,0,0.4,1,2.0,1,0,0,0,1,0,0,5,4,1,0,0,1,0,1,0.3333,NORMAL
5,1,0,1,0,0.8333333333333334,3,1.6666666666666667,2,0,1,0,1,0,0,8,2,0,0,0,0,0,1,0.5,NORMAL
1,3,0,1,0,0.25,2,0.5,2,0,1,0,1,1,0,10,3,0,0,1,1,0,1,1.0,NORMAL
1,2,0,1,0,0.3333333333333333,3,0.3333333333333333,2,0,1,0,1,0,0,17,0,0,0,0,0,0,1,1.5,NORMAL
2,3,0,0,0,0.4,3,0.6666666666666666,2,0,1,0,1,0,0,11,0,0,0,0,1,0,1,1.0,NORMAL
1,1,0,0,0,0.5,3,0.3333333333333333,2,0,1,0,1,1,0,9,4,0,0,0,0,1,1,1.5,NORMAL
0,3,0,2,0,0.0,1,0.0,1,0,0,0,1,0,0,9,2,0,0,0,0,0,0,1.0,NORMAL
2,2,0,1,0,0.5,2,1.0,2,0,1,0,1,1,0,22,3,1,0,0,0,0,1,0.6667,NORMAL
0,3,0,1,0,0.0,3,0.0,1,0,0,0,1,0,0,13,2,0,0,0,0,0,0,3.0,NORMAL
3,2,1,3,0,0.6,2,1.5,1,1,0,1,1,1,0,12,0,0,0,1,1,0,1,0.5,ATTACK
2,2,0,1,0,0.5,3,0.6666666666666666,2,0,1,0,1,0,0,10,4,0,0,0,1,0,1,1.0,NORMAL
1,2,0,2,0,0.3333333333333333,1,1.0,1,0,0,0,1,1,0,12,2,0,0,0,0,0,1,0.5,NORMAL
2,2,0,2,0,0.5,2,1.0,2,0,1,0,1,0,0,9,1,0,0,1,1,0,1,0.6667,NORMAL
1,2,0,1,0,0.3333333333333333,2,0.5,1,0,0,0,1,0,0,16,2,0,1,0,0,0,1,1.0,NORMAL
2,1,1,2,0,0.6666666666666666,2,1.0,2,0,1,1,1,0,0,10,4,0,0,0,0,0,1,0.6667,NORMAL
0,1,0,2,0,0.0,3,0.0,1,0,0,0,1,1,0,19,1,0,0,0,0,0,0,3.0,NORMAL
1,3,0,0,0,0.25,1,1.0,2,0,1,0,1,0,0,11,2,0,0,1,0,0,1,0.5,NORMAL
2,1,0,2,0,0.6666666666666666,3,0.6666666666666666,2,0,1,0,1,0,0,20,4,0,0,0,0,0,1,1.0,NORMAL
0,2,0,0,0,0.0,2,0.0,1,0,0,0,1,0,0,11,2,0,0,1,0,0,0,2.0,NORMAL
0,2,2,2,0,0.0,2,0.0,1,0,0,0,1,1,0,8,6,0,1,0,1,0,0,2.0,ATTACK
18,1,0,2,0,0.9473684210526315,28,0.6428571428571429,9,0,1,0,1,0,0,6,1,0,1,0,1,1,1,1.4737,ATTACK
1,2,0,1,0,0.3333333333333333,2,0.5,2,0,1,0,1,0,0,20,2,0,0,1,0,0,1,1.0,NORMAL
1,3,0,2,0,0.25,1,1.0,1,0,0,0,1,0,0,5,1,1,1,0,0,0,1,0.5,NORMAL
1,2,0,1,0,0.3333333333333333,2,0.5,2,0,1,0,1,0,0,16,3,0,0,0,0,0,1,1.0,NORMAL
0,2,1,2,0,0.0,2,0.0,1,0,0,0,1,0,0,5,2,1,0,0,1,1,0,2.0,NORMAL
24,0,0,4,0,1.0,2,12.0,1,0,0,0,1,0,0,15,4,0,1,0,0,1,0,0.08,ATTACK
0,1,0,0,0,0.0,3,0.0,2,0,1,0,1,0,0,22,3,1,0,1,0,0,0,3.0,NORMAL
0,1,0,2,0,0.0,2,0.0,2,0,1,0,1,0,0,8,1,0,0,1,0,0,0,2.0,NORMAL
3,1,2,4,0,0.75,2,1.5,1,0,0,1,1,1,0,2,6,1,0,0,1,1,1,0.5,ATTACK
1,2,0,1,0,0.3333333333333333,3,0.3333333333333333,2,0,1,0,1,0,0,14,0,0,0,0,0,0,1,1.5,NORMAL
0,3,0,2,0,0.0,2,0.0,1,0,0,0,1,0,0,11,2,0,0,0,0,0,0,2.0,NORMAL
34,0,0,3,1,1.0,2,17.0,2,0,1,0,1,0,0,2,4,1,1,1,1,1,0,0.0571,ATTACK
1,2,0,1,0,0.3333333333333333,2,0.5,1,0,0,0,1,0,0,14,2,0,1,0,0,1,1,1.0,NORMAL
3,1,1,5,0,0.75,2,1.5,1,1,0,1,1,1,0,15,6,0,1,0,1,0,1,0.5,ATTACK
1,3,0,0,0,0.25,2,0.5,1,0,0,0,1,0,0,10,0,0,1,0,1,1,1,1.0,NORMAL
5,2,0,0,0,0.7142857142857143,4,1.25,1,0,0,0,1,0,0,16,0,0,0,0,0,0,1,0.6667,NORMAL
1,3,0,0,0,0.25,3,0.3333333333333333,1,0,0,0,1,0,0,6,2,0,0,0,0,0,1,1.5,NORMAL
1,3,1,1,0,0.25,1,1.0,2,0,1,1,1,0,0,8,0,0,0,0,0,0,1,0.5,NORMAL
1,1,1,1,0,0.5,1,1.0,1,0,0,1,1,0,0,16,2,0,0,0,0,0,1,0.5,NORMAL
0,3,0,0,0,0.0,1,0.0,2,0,1,0,1,1,0,5,1,1,0,1,1,0,0,1.0,NORMAL
1,1,2,3,0,0.5,2,0.5,1,1,0,1,1,1,0,3,2,1,0,1,1,1,1,1.0,ATTACK
1,3,0,2,0,0.25,2,0.5,1,0,0,0,1,0,0,21,4,0,0,0,0,0,1,1.0,NORMAL
4,2,1,1,0,0.6666666666666666,3,1.3333333333333333,1,0,0,1,1,0,0,10,3,0,0,0,0,0,1,0.6,NORMAL
1,3,0,0,0,0.25,1,1.0,2,0,1,0,1,1,0,19,4,0,0,1,0,0,1,0.5,NORMAL
78,1,0,3,0,0.9873417721518988,2,39.0,1,1,0,0,1,0,0,18,5,0,0,1,0,1,1,0.0253,ATTACK
0,3,0,2,0,0.0,1,0.0,1,0,0,0,1,0,0,15,0,0,0,0,0,0,0,1.0,NORMAL
0,1,0,2,0,0.0,2,0.0,2,0,1,0,1,0,0,10,1,0,0,0,0,0,0,2.0,NORMAL
2,3,1,0,0,0.4,2,1.0,1,0,0,1,1,0,0,17,2,0,1,0,0,0,1,0.6667,NORMAL
4,1,0,2,0,0.8,4,1.0,1,0,0,0,1,0,0,16,3,0,0,0,0,0,1,0.8,NORMAL
2,3,0,2,0,0.4,2,1.0,1,0,0,0,1,0,0,9,0,0,0,0,0,0,1,0.6667,NORMAL
1,1,0,2,0,0.5,1,1.0,2,0,1,0,1,0,0,11,2,0,0,0,0,1,1,0.5,NORMAL
2,3,0,1,0,0.4,1,2.0,2,0,1,0,1,0,0,14,2,0,0,0,0,0,1,0.3333,NORMAL
1,2,0,2,0,0.3333333333333333,2,0.5,1,0,0,0,1,0,0,16,1,0,0,0,0,0,1,1.0,NORMAL
12,1,0,3,0,0.9230769230769231,39,0.3076923076923077,14,0,1,0,1,0,0,13,1,0,1,1,1,1,1,3.0,ATTACK
2,1,0,1,0,0.6666666666666666,1,2.0,2,0,1,0,1,0,0,20,1,0,0,0,0,0,1,0.3333,NORMAL
1,2,0,1,0,0.3333333333333333,3,0.3333333333333333,1,0,0,0,1,1,0,14,3,0,0,0,1,0,1,1.5,NORMAL
2,2,0,1,0,0.5,1,2.0,2,0,1,0,1,0,0,22,0,1,0,0,0,0,1,0.3333,NORMAL
1,3,0,0,0,0.25,1,1.0,1,0,0,0,1,0,0,6,4,0,0,0,1,1,1,0.5,NORMAL
45,0,0,5,0,1.0,2,22.5,1,1,0,0,1,0,0,4,6,1,1,1,1,1,0,0.0435,ATTACK
1,3,0,1,0,0.25,2,0.5,2,0,1,0,1,0,0,20,3,0,0,0,0,0,1,1.0,NORMAL
51,1,0,5,0,0.9807692307692307,2,25.5,1,0,0,0,1,0,0,20,0,0,0,0,0,1,1,0.0385,ATTACK
1,2,2,5,0,0.3333333333333333,1,1.0,1,1,0,1,1,1,0,5,4,1,0,1,1,1,1,0.5,ATTACK
28,0,0,4,0,1.0,23,1.2173913043478262,6,0,1,0,1,0,0,2,1,1,0,0,1,1,0,0.7931,ATTACK
1,2,0,0,0,0.3333333333333333,1,1.0,2,0,1,0,1,0,0,17,4,0,0,0,0,0,1,0.5,NORMAL
0,1,0,0,0,0.0,2,0.0,2,1,1,0,1,1,0,18,1,0,0,0,0,0,0,2.0,NORMAL
0,1,2,4,1,0.0,2,0.0,1,0,0,0,1,1,0,6,2,0,0,0,1,0,0,2.0,ATTACK
1,1,1,5,1,0.5,1,1.0,1,1,0,1,1,1,0,8,0,0,0,0,1,1,1,0.5,ATTACK
1,3,0,0,0,0.25,3,0.3333333333333333,2,0,1,0,1,0,0,10,3,0,0,0,1,0,1,1.5,NORMAL
1,1,0,2,0,0.5,3,0.3333333333333333,2,0,1,0,1,0,0,8,2,0,1,0,0,0,1,1.5,NORMAL
0,1,0,0,0,0.0,3,0.0,1,1,0,0,1,0,0,8,0,0,0,0,1,0,0,3.0,NORMAL
1,3,0,2,0,0.25,3,0.3333333333333333,2,0,1,0,1,1,0,8,0,0,0,0,0,0,1,1.5,NORMAL
28,0,0,3,0,1.0,21,1.3333333333333333,10,0,1,0,1,0,0,9,0,0,1,1,1,1,0,0.7241,ATTACK
2,3,0,2,0,0.4,3,0.6666666666666666,2,0,1,0,1,0,0,15,1,0,0,0,0,0,1,1.0,NORMAL
16,1,0,5,0,0.9411764705882353,30,0.5333333333333333,8,1,1,0,1,0,0,23,0,1,0,1,1,1,1,1.7647,ATTACK
2,3,0,2,0,0.4,1,2.0,1,0,0,0,1,1,0,6,0,0,0,0,0,0,1,0.3333,NORMAL
2,1,0,2,0,0.6666666666666666,3,0.6666666666666666,1,0,0,0,1,0,0,10,4,0,0,1,0,0,1,1.0,NORMAL
73,1,0,3,0,0.9864864864864865,2,36.5,1,1,0,0,1,0,0,17,4,0,1,1,1,1,1,0.027,ATTACK
2,1,0,1,0,0.6666666666666666,2,1.0,2,0,1,0,1,0,0,10,1,0,0,0,0,0,1,0.6667,NORMAL
0,1,0,0,0,0.0,2,0.0,1,0,0,0,1,0,0,20,0,0,0,0,0,0,0,2.0,NORMAL
0,2,0,2,0,0.0,2,0.0,1,0,0,0,1,0,0,9,3,0,0,1,1,1,0,2.0,NORMAL
1,3,0,0,0,0.25,1,1.0,2,1,1,0,1,1,0,15,2,0,0,0,0,0,1,0.5,NORMAL
1,2,0,0,0,0.3333333333333333,2,0.5,1,0,0,0,1,1,0,9,1,0,0,0,1,1,1,1.0,NORMAL
2,2,1,2,0,0.5,1,2.0,1,1,0,1,1,1,0,11,4,0,0,0,1,0,1,0.3333,ATTACK
42,0,0,4,0,1.0,2,21.0,2,1,1,0,1,0,0,20,5,0,0,0,0,1,0,0.0465,ATTACK
1,2,0,0,0,0.3333333333333333,3,0.3333333333333333,1,0,0,0,1,0,0,15,0,0,0,0,0,0,1,1.5,NORMAL
1,3,0,1,0,0.25,3,0.3333333333333333,2,1,1,0,1,1,0,15,1,0,0,0,0,0,1,1.5,NORMAL
2,1,0,0,0,0.6666666666666666,1,2.0,2,0,1,0,1,0,0,16,4,0,0,1,0,0,1,0.3333,NORMAL
0,3,0,1,0,0.0,3,0.0,2,0,1,0,1,1,0,13,1,0,1,0,0,0,0,3.0,NORMAL
2,1,1,2,0,0.6666666666666666,1,2.0,1,0,0,1,1,1,0,5,1,1,0,1,0,1,1,0.3333,ATTACK
30,0,0,4,1,1.0,1,30.0,2,1,1,0,1,0,0,3,0,1,0,1,1,1,0,0.0323,ATTACK
0,1,0,1,0,0.0,1,0.0,1,0,0,0,1,0,0,18,4,0,1,0,0,0,0,1.0,NORMAL
1,2,0,0,0,0.3333333333333333,1,1.0,2,0,1,0,1,0,0,15,3,0,0,0,0,0,1,0.5,NORMAL
0,1,0,0,0,0.0,2,0.0,1,0,0,0,1,0,0,16,0,0,0,0,0,0,0,2.0,NORMAL
0,2,1,0,0,0.0,1,0.0,2,0,1,0,1,0,0,14,3,0,0,0,1,0,0,1.0,NORMAL
68,1,0,3,0,0.9855072463768116,1,68.0,1,0,0,0,1,0,0,22,0,1,0,1,0,1,1,0.0145,ATTACK
2,2,0,0,0,0.5,2,1.0,2,0,1,0,1,0,0,13,4,0,0,0,0,0,1,0.6667,NORMAL
2,2,0,1,0,0.5,2,1.0,1,0,0,0,1,0,0,8,4,0,0,0,0,0,1,0.6667,NORMAL
2,1,1,0,0,0.6666666666666666,2,1.0,2,0,1,1,1,1,0,5,1,1,0,0,0,1,1,0.6667,NORMAL
1,2,0,0,0,0.3333333333333333,2,0.5,1,0,0,0,1,0,0,7,4,0,0,0,1,0,1,1.0,NORMAL
1,3,0,0,0,0.25,1,1.0,1,0,0,0,1,0,0,15,0,0,0,0,1,0,1,0.5,NORMAL
2,2,0,0,0,0.5,2,1.0,1,0,0,0,1,1,0,14,0,0,0,0,0,0,1,0.6667,NORMAL
2,2,0,0,0,0.5,1,2.0,1,0,0,0,1,0,0,15,4,0,0,0,0,0,1,0.3333,NORMAL
2,1,0,1,0,0.6666666666666666,3,0.6666666666666666,2,0,1,0,1,0,0,16,2,0,1,0,0,0,1,1.0,NORMAL
0,2,1,5,0,0.0,1,0.0,1,1,0,0,1,1,0,16,6,0,0,1,1,0,0,1.0,ATTACK
0,1,0,1,0,0.0,3,0.0,2,0,1,0,1,0,0,11,3,0,0,1,0,0,0,3.0,NORMAL
1,1,1,2,0,0.5,3,0.3333333333333333,2,0,1,1,1,1,0,11,4,0,1,0,0,0,1,1.5,NORMAL
1,3,0,0,0,0.25,1,1.0,1,0,0,0,1,0,0,13,3,0,0,0,0,0,1,0.5,NORMAL
37,1,0,5,0,0.9736842105263158,2,18.5,2,1,1,0,1,0,0,17,6,0,0,1,1,1,1,0.0526,ATTACK
44,1,0,3,0,0.9777777777777777,2,22.0,2,0,1,0,1,0,0,18,2,0,0,1,1,1,1,0.0444,ATTACK
2,2,0,0,0,0.5,2,1.0,2,0,1,0,1,0,0,9,4,0,0,0,0,0,1,0.6667,NORMAL
0,3,0,0,0,0.0,3,0.0,2,0,1,0,1,0,0,11,4,0,0,0,1,0,0,3.0,NORMAL
2,1,0,1,0,0.6666666666666666,2,1.0,1,0,0,0,1,0,0,16,0,0,0,1,0,0,1,0.6667,NORMAL
6,2,0,2,0,0.75,3,2.0,2,0,1,0,1,0,0,19,3,0,0,1,0,0,1,0.4286,NORMAL
2,3,0,2,0,0.4,1,2.0,1,0,0,0,1,0,0,8,3,0,1,0,0,0,1,0.3333,NORMAL
0,2,2,5,0,0.0,1,0.0,1,1,0,0,1,1,0,9,1,0,0,1,1,0,0,1.0,ATTACK
0,2,0,1,0,0.0,2,0.0,2,0,1,0,1,0,0,10,0,0,0,0,0,0,0,2.0,NORMAL
21,0,0,2,0,1.0,17,1.2352941176470589,7,1,1,0,1,0,0,13,1,0,0,1,0,1,0,0.7727,ATTACK
1,2,0,1,0,0.3333333333333333,3,0.3333333333333333,2,0,1,0,1,0,0,15,3,0,0,1,0,0,1,1.5,NORMAL
0,3,0,1,0,0.0,3,0.0,2,0,1,0,1,0,0,15,3,0,0,0,0,0,0,3.0,NORMAL
2,2,0,0,0,0.5,2,1.0,1,0,0,0,1,0,0,12,4,0,0,0,0,0,1,0.6667,NORMAL
0,2,0,2,0,0.0,1,0.0,1,0,0,0,1,1,0,1,2,1,0,0,0,1,0,1.0,NORMAL
0,3,0,0,0,0.0,3,0.0,2,0,1,0,1,0,0,10,4,0,1,0,0,0,0,3.0,NORMAL
1,3,0,1,0,0.25,1,1.0,1,0,0,0,1,1,0,12,0,0,0,0,0,1,1,0.5,NORMAL
0,2,0,1,0,0.0,3,0.0,1,0,0,0,1,0,0,6,3,0,0,1,0,0,0,3.0,NORMAL
4,2,0,0,0,0.6666666666666666,3,1.3333333333333333,1,0,0,0,1,0,0,19,0,0,0,1,0,1,1,0.6,NORMAL
1,1,0,1,0,0.5,3,0.3333333333333333,1,0,0,0,1,0,0,11,0,0,0,0,0,0,1,1.5,NORMAL
2,1,0,2,0,0.6666666666666666,3,0.6666666666666666,2,0,1,0,1,0,0,10,1,0,0,0,0,0,1,1.0,NORMAL
1,2,0,2,0,0.3333333333333333,1,1.0,1,0,0,0,1,0,0,12,4,0,0,1,0,0,1,0.5,NORMAL
28,0,0,5,0,1.0,2,14.0,2,1,1,0,1,0,0,23,4,1,1,1,0,1,0,0.069,ATTACK
3,1,1,2,0,0.75,2,1.5,1,1,0,1,1,1,0,18,5,0,0,1,1,0,1,0.5,ATTACK
2,2,2,3,0,0.5,1,2.0,1,0,0,1,1,1,0,10,1,0,0,1,1,0,1,0.3333,ATTACK
1,2,0,1,0,0.3333333333333333,1,1.0,1,1,0,0,1,0,0,10,3,0,1,0,1,0,1,0.5,NORMAL
3,2,0,2,0,0.6,5,0.6,1,0,0,0,1,0,0,11,3,0,0,0,0,0,1,1.25,NORMAL
1,2,0,1,0,0.3333333333333333,3,0.3333333333333333,1,0,0,0,1,0,0,10,0,0,0,0,1,0,1,1.5,NORMAL
64,0,0,5,0,1.0,2,32.0,1,1,0,0,1,0,0,21,6,0,0,1,1,1,0,0.0308,ATTACK
1,3,0,0,0,0.25,2,0.5,2,0,1,0,1,0,0,12,4,0,1,1,0,1,1,1.0,NORMAL
2,2,2,3,0,0.5,1,2.0,1,1,0,1,1,1,0,16,5,0,0,1,1,0,1,0.3333,ATTACK
1,1,0,2,0,0.5,3,0.3333333333333333,1,0,0,0,1,0,0,14,2,0,0,0,1,0,1,1.5,NORMAL
0,1,0,2,0,0.0,1,0.0,1,0,0,0,1,0,0,11,1,0,0,0,0,0,0,1.0,NORMAL
26,0,0,5,0,1.0,30,0.8666666666666667,14,0,1,0,1,0,0,7,3,0,0,0,1,1,0,1.1111,ATTACK
37,0,0,5,1,1.0,2,18.5,1,1,0,0,1,0,0,13,0,0,0,1,0,1,0,0.0526,ATTACK
0,3,0,0,0,0.0,2,0.0,1,0,0,0,1,0,0,6,0,0,0,0,0,1,0,2.0,NORMAL
0,1,0,0,0,0.0,3,0.0,2,0,1,0,1,1,0,18,1,0,0,1,0,1,0,3.0,NORMAL
1,1,2,4,1,0.5,2,0.5,1,1,0,1,1,1,0,2,4,1,1,1,0,1,1,1.0,ATTACK
0,2,0,0,0,0.0,2,0.0,2,0,1,0,1,0,0,8,4,0,0,1,0,0,0,2.0,NORMAL
37,1,0,4,0,0.9736842105263158,21,1.7619047619047619,10,1,1,0,1,0,0,15,6,0,0,1,1,1,1,0.5526,ATTACK
36,1,0,4,0,0.972972972972973,1,36.0,1,1,0,0,1,0,0,19,4,0,0,1,1,1,1,0.027,ATTACK
2,3,0,2,0,0.4,1,2.0,2,0,1,0,1,0,0,12,1,0,1,0,1,1,1,0.3333,NORMAL
0,2,0,2,0,0.0,1,0.0,2,0,1,0,1,0,0,15,1,0,0,0,0,0,0,1.0,NORMAL
2,2,0,0,0,0.5,1,2.0,2,0,1,0,1,0,0,3,1,1,0,0,0,1,1,0.3333,NORMAL
1,2,0,1,0,0.3333333333333333,3,0.3333333333333333,1,0,0,0,1,0,0,14,2,0,0,0,0,0,1,1.5,NORMAL
21,1,0,2,1,0.9545454545454546,13,1.6153846153846154,15,0,1,0,1,0,0,6,3,0,0,1,0,1,1,0.5909,ATTACK
0,2,0,2,0,0.0,2,0.0,2,0,1,0,1,0,0,20,4,0,0,0,0,1,0,2.0,NORMAL
2,1,0,2,0,0.6666666666666666,1,2.0,2,0,1,0,1,0,0,15,4,0,0,1,1,1,1,0.3333,NORMAL
1,2,0,1,0,0.3333333333333333,1,1.0,1,0,0,0,1,0,0,7,1,0,0,0,0,0,1,0.5,NORMAL
0,3,0,1,0,0.0,2,0.0,1,0,0,0,1,0,0,15,4,0,0,0,0,0,0,2.0,NORMAL
2,2,0,1,0,0.5,3,0.6666666666666666,2,0,1,0,1,0,0,9,3,0,0,1,0,0,1,1.0,NORMAL
0,1,0,0,0,0.0,2,0.0,1,0,0,0,1,1,0,8,2,0,1,1,0,0,0,2.0,NORMAL
2,3,1,0,0,0.4,2,1.0,1,0,0,1,1,0,0,10,1,0,0,0,0,0,1,0.6667,NORMAL
2,3,0,1,0,0.4,3,0.6666666666666666,2,0,1,0,1,0,0,16,2,0,0,1,1,1,1,1.0,NORMAL
1,2,1,0,0,0.3333333333333333,3,0.3333333333333333,1,0,0,1,1,0,0,12,1,0,1,0,0,0,1,1.5,NORMAL
1,1,0,0,0,0.5,3,0.3333333333333333,1,0,0,0,1,0,0,19,4,0,0,0,0,1,1,1.5,NORMAL
2,2,0,0,0,0.5,2,1.0,1,1,0,0,1,0,0,3,0,1,0,0,0,0,1,0.6667,NORMAL
1,3,0,1,0,0.25,1,1.0,2,0,1,0,1,0,0,10,4,0,0,0,0,1,1,0.5,NORMAL
29,0,0,2,0,1.0,1,29.0,1,1,0,0,1,0,0,20,4,0,1,1,0,1,0,0.0333,ATTACK
0,1,2,3,0,0.0,1,0.0,1,1,0,0,1,1,0,19,3,0,0,0,1,0,0,1.0,ATTACK
2,1,0,0,0,0.6666666666666666,2,1.0,2,0,1,0,1,0,0,18,4,0,0,0,0,0,1,0.6667,NORMAL
17,1,0,3,0,0.9444444444444444,12,1.4166666666666667,9,1,1,0,1,0,0,9,0,0,0,0,1,1,1,0.6667,ATTACK
2,2,0,0,0,0.5,1,2.0,2,0,1,0,1,0,0,14,4,0,0,0,0,0,1,0.3333,NORMAL
2,1,1,4,0,0.6666666666666666,1,2.0,1,1,0,1,1,1,0,1,6,1,0,1,0,1,1,0.3333,ATTACK
0,2,0,0,0,0.0,3,0.0,1,0,0,0,1,0,0,8,1,0,0,0,0,0,0,3.0,NORMAL
2,1,0,2,0,0.6666666666666666,3,0.6666666666666666,1,0,0,0,1,0,0,9,4,0,0,0,1,0,1,1.0,NORMAL
2,3,0,0,0,0.4,3,0.6666666666666666,1,1,0,0,1,0,0,9,1,0,0,0,0,1,1,1.0,NORMAL
3,1,1,5,0,0.75,1,3.0,1,1,0,1,1,1,0,23,1,1,0,1,0,1,1,0.25,ATTACK
1,2,1,5,0,0.3333333333333333,1,1.0,1,1,0,1,1,1,0,7,2,0,0,1,1,0,1,0.5,ATTACK
2,2,0,2,0,0.5,3,0.6666666666666666,1,0,0,0,1,0,0,7,4,0,0,0,0,0,1,1.0,NORMAL
1,1,0,0,0,0.5,3,0.3333333333333333,1,0,0,0,1,0,0,22,3,1,0,0,0,0,1,1.5,NORMAL
0,1,0,1,0,0.0,3,0.0,2,0,1,0,1,0,0,15,2,0,1,0,0,0,0,3.0,NORMAL
2,2,1,1,0,0.5,3,0.6666666666666666,1,0,0,1,1,1,0,6,0,0,0,1,0,1,1,1.0,NORMAL
1,2,1,1,0,0.3333333333333333,3,0.3333333333333333,2,0,1,1,1,0,0,23,0,1,0,0,1,1,1,1.5,NORMAL
2,2,0,2,0,0.5,2,1.0,2,0,1,0,1,1,0,15,2,0,0,0,0,0,1,0.6667,NORMAL
0,2,0,1,0,0.0,2,0.0,1,0,0,0,1,0,0,8,3,0,0,0,1,0,0,2.0,NORMAL
34,0,0,3,0,1.0,1,34.0,1,1,0,0,1,0,0,1,4,1,0,1,1,1,0,0.0286,ATTACK
1,2,0,1,0,0.3333333333333333,3,0.3333333333333333,1,0,0,0,1,0,0,7,1,0,0,1,0,0,1,1.5,NORMAL
2,1,0,0,0,0.6666666666666666,2,1.0,2,0,1,0,1,1,0,19,2,0,0,0,0,0,1,0.6667,NORMAL
0,1,0,2,0,0.0,3,0.0,2,0,1,0,1,0,0,2,4,1,0,0,0,0,0,3.0,NORMAL
0,2,0,2,0,0.0,1,0.0,2,0,1,0,1,0,0,5,3,1,1,0,0,0,0,1.0,NORMAL
2,3,0,0,0,0.4,1,2.0,2,0,1,0,1,0,0,13,2,0,0,0,0,1,1,0.3333,NORMAL
0,3,0,1,0,0.0,1,0.0,1,0,0,0,1,1,0,3,1,1,0,0,0,1,0,1.0,NORMAL
0,3,0,0,0,0.0,2,0.0,1,0,0,0,1,1,0,6,3,0,0,0,1,0,0,2.0,NORMAL
1,2,0,0,0,0.3333333333333333,3,0.3333333333333333,1,0,0,0,1,0,0,13,1,0,0,0,0,0,1,1.5,NORMAL
2,1,0,1,0,0.6666666666666666,1,2.0,1,0,0,0,1,0,0,15,1,0,0,1,0,0,1,0.3333,NORMAL
1,3,1,2,0,0.25,2,0.5,2,0,1,1,1,1,0,7,2,0,0,0,0,0,1,1.0,NORMAL
1,2,0,1,0,0.3333333333333333,1,1.0,2,0,1,0,1,1,0,15,0,0,0,0,0,0,1,0.5,NORMAL
33,0,0,3,0,1.0,11,3.0,12,0,1,0,1,0,0,14,6,0,1,0,1,1,0,0.3235,ATTACK
2,1,0,0,0,0.6666666666666666,4,0.5,2,0,1,0,1,0,0,16,1,0,0,0,1,0,1,1.3333,NORMAL
40,0,0,4,0,1.0,1,40.0,2,1,1,0,1,0,0,9,6,0,0,1,1,1,0,0.0244,ATTACK
52,0,0,5,0,1.0,1,52.0,1,1,0,0,1,0,0,13,0,0,0,0,1,1,0,0.0189,ATTACK
2,2,2,3,0,0.5,2,1.0,1,0,0,1,1,1,0,14,0,0,1,1,1,0,1,0.6667,ATTACK
2,3,1,0,0,0.4,1,2.0,1,0,0,1,1,0,0,15,3,0,0,0,0,0,1,0.3333,NORMAL
1,3,0,0,0,0.25,3,0.3333333333333333,1,0,0,0,1,0,0,12,0,0,1,0,0,0,1,1.5,NORMAL
2,3,0,0,0,0.4,1,2.0,2,0,1,0,1,0,0,12,4,0,0,0,0,0,1,0.3333,NORMAL
3,1,0,0,0,0.75,4,0.75,1,0,0,0,1,0,0,16,2,0,0,0,0,0,1,1.0,NORMAL
2,3,1,1,0,0.4,2,1.0,2,0,1,1,1,0,0,13,3,0,0,0,0,0,1,0.6667,NORMAL
1,1,0,2,0,0.5,3,0.3333333333333333,1,0,0,0,1,1,0,9,3,0,1,1,0,0,1,1.5,NORMAL
2,3,0,0,0,0.4,2,1.0,2,0,1,0,1,0,0,8,4,0,0,0,1,0,1,0.6667,NORMAL
10,0,0,3,0,1.0,19,0.5263157894736842,17,1,1,0,1,0,0,6,6,0,0,1,1,0,0,1.7273,ATTACK
1,1,0,1,0,0.5,3,0.3333333333333333,2,1,1,0,1,0,0,15,1,0,0,1,1,0,1,1.5,NORMAL
1,3,0,0,0,0.25,3,0.3333333333333333,2,0,1,0,1,0,0,8,3,0,0,0,0,0,1,1.5,NORMAL
2,2,0,0,0,0.5,3,0.6666666666666666,2,0,1,0,1,0,0,12,2,0,0,0,0,0,1,1.0,NORMAL
0,1,0,1,0,0.0,3,0.0,2,0,1,0,1,1,0,16,2,0,0,0,0,1,0,3.0,NORMAL
1,3,0,0,0,0.25,3,0.3333333333333333,1,0,0,0,1,0,0,14,4,0,0,0,0,0,1,1.5,NORMAL
4,1,0,0,0,0.8,4,1.0,1,0,0,0,1,0,0,14,1,0,0,0,0,0,1,0.8,NORMAL
2,1,2,3,1,0.6666666666666666,1,2.0,1,0,0,1,1,1,0,17,3,0,1,1,0,0,1,0.3333,ATTACK
1,3,0,2,0,0.25,1,1.0,2,0,1,0,1,0,0,15,3,0,0,0,0,0,1,0.5,NORMAL
15,1,0,2,0,0.9375,15,1.0,14,1,1,0,1,0,0,2,6,1,0,1,1,1,1,0.9375,ATTACK
3,1,0,2,0,0.75,5,0.6,2,0,1,0,1,0,0,7,4,0,0,1,1,0,1,1.25,NORMAL
0,1,0,0,0,0.0,1,0.0,2,0,1,0,1,1,0,12,0,0,0,0,0,0,0,1.0,NORMAL
2,2,0,2,0,0.5,3,0.6666666666666666,1,0,0,0,1,1,0,13,0,0,0,0,0,0,1,1.0,NORMAL
1,2,0,2,0,0.3333333333333333,3,0.3333333333333333,1,0,0,0,1,0,0,10,0,0,0,1,0,0,1,1.5,NORMAL
1,1,0,2,0,0.5,2,0.5,2,0,1,0,1,0,0,8,4,0,0,0,0,0,1,1.0,NORMAL
0,3,0,0,0,0.0,1,0.0,2,0,1,0,1,0,0,1,4,1,0,1,0,0,0,1.0,NORMAL
0,1,0,0,0,0.0,3,0.0,2,0,1,0,1,0,0,3,1,1,1,0,0,0,0,3.0,NORMAL
2,1,0,1,0,0.6666666666666666,3,0.6666666666666666,2,0,1,0,1,0,0,1,0,1,0,0,0,0,1,1.0,NORMAL
1,3,0,1,0,0.25,3,0.3333333333333333,1,0,0,0,1,0,0,10,0,0,0,0,0,0,1,1.5,NORMAL
1,2,0,1,0,0.3333333333333333,1,1.0,2,0,1,0,1,1,0,22,2,1,0,0,0,0,1,0.5,NORMAL
0,1,0,0,0,0.0,1,0.0,2,0,1,0,1,0,0,14,4,0,1,0,0,1,0,1.0,NORMAL
0,2,0,2,0,0.0,2,0.0,1,0,0,0,1,0,0,7,3,0,0,1,0,0,0,2.0,NORMAL
30,1,0,4,0,0.967741935483871,33,0.9090909090909091,16,0,1,0,1,0,0,10,5,0,0,1,1,1,1,1.0645,ATTACK
25,0,0,3,0,1.0,1,25.0,1,1,0,0,1,0,0,7,2,0,0,1,1,1,0,0.0385,ATTACK
1,1,1,1,0,0.5,2,0.5,1,0,0,1,1,1,0,16,2,0,0,0,0,1,1,1.0,NORMAL
1,3,0,2,0,0.25,2,0.5,2,0,1,0,1,1,0,8,1,0,0,0,0,0,1,1.0,NORMAL
15,1,0,3,0,0.9375,26,0.5769230769230769,16,1,1,0,1,0,0,16,0,0,0,1,0,1,1,1.625,ATTACK
2,1,0,1,0,0.6666666666666666,3,0.6666666666666666,2,0,1,0,1,0,0,13,2,0,0,0,0,0,1,1.0,NORMAL
14,0,0,5,1,1.0,19,0.7368421052631579,7,1,1,0,1,0,0,13,0,0,0,0,0,1,0,1.2667,ATTACK
2,2,0,1,0,0.5,1,2.0,2,0,1,0,1,0,0,16,1,0,0,0,1,1,1,0.3333,NORMAL
1,2,0,1,0,0.3333333333333333,1,1.0,1,1,0,0,1,0,0,12,2,0,1,1,1,0,1,0.5,NORMAL
1,1,0,1,0,0.5,3,0.3333333333333333,1,0,0,0,1,0,0,11,3,0,0,0,0,1,1,1.5,NORMAL
0,2,0,1,0,0.0,1,0.0,2,0,1,0,1,1,0,9,4,0,0,1,0,0,0,1.0,NORMAL
2,3,0,0,0,0.4,2,1.0,1,0,0,0,1,0,0,4,2,1,0,0,0,0,1,0.6667,NORMAL
38,0,0,2,0,1.0,12,3.1666666666666665,19,1,1,0,1,0,0,18,2,0,0,1,1,1,0,0.3077,ATTACK
2,2,1,0,0,0.5,2,1.0,1,0,0,1,1,1,0,17,1,0,1,0,0,0,1,0.6667,NORMAL
1,2,0,2,0,0.3333333333333333,1,1.0,1,0,0,0,1,0,0,18,1,0,0,0,0,0,1,0.5,NORMAL
0,3,0,2,0,0.0,1,0.0,1,0,0,0,1,0,0,6,2,0,0,1,0,0,0,1.0,NORMAL
1,3,0,0,0,0.25,3,0.3333333333333333,1,0,0,0,1,1,0,9,0,0,0,1,0,0,1,1.5,NORMAL
2,2,0,2,0,0.5,1,2.0,2,0,1,0,1,0,0,10,0,0,0,0,1,0,1,0.3333,NORMAL
1,2,0,2,0,0.3333333333333333,3,0.3333333333333333,2,0,1,0,1,1,0,14,2,0,0,0,0,0,1,1.5,NORMAL
11,0,0,2,1,1.0,15,0.7333333333333333,15,1,1,0,1,0,0,8,3,0,0,1,0,1,0,1.25,ATTACK
0,3,0,2,0,0.0,2,0.0,1,0,0,0,1,1,0,18,0,0,0,0,0,0,0,2.0,NORMAL
0,2,0,2,0,0.0,1,0.0,2,0,1,0,1,0,0,11,3,0,0,0,0,1,0,1.0,NORMAL
0,3,0,0,0,0.0,3,0.0,2,0,1,0,1,0,0,17,0,0,0,0,0,1,0,3.0,NORMAL
1,2,0,2,0,0.3333333333333333,3,0.3333333333333333,2,0,1,0,1,0,0,8,2,0,0,0,0,0,1,1.5,NORMAL
2,2,0,0,0,0.5,2,1.0,2,0,1,0,1,1,0,18,2,0,0,1,0,1,1,0.6667,NORMAL
0,1,0,0,0,0.0,3,0.0,2,0,1,0,1,0,0,10,0,0,0,0,0,1,0,3.0,NORMAL
2,2,1,1,0,0.5,3,0.6666666666666666,1,0,0,1,1,1,0,8,3,0,0,0,0,0,1,1.0,NORMAL
5,2,0,2,0,0.7142857142857143,5,1.0,1,0,0,0,1,1,0,15,1,0,0,0,0,0,1,0.8333,NORMAL
0,2,0,1,0,0.0,1,0.0,2,0,1,0,1,0,0,17,3,0,0,0,0,0,0,1.0,NORMAL
1,1,0,2,0,0.5,2,0.5,1,0,0,0,1,0,0,19,2,0,0,0,0,0,1,1.0,NORMAL
2,1,0,2,0,0.6666666666666666,1,2.0,1,1,0,0,1,0,0,11,2,0,0,1,0,1,1,0.3333,NORMAL
0,1,0,1,0,0.0,2,0.0,1,0,0,0,1,0,0,17,3,0,0,0,1,0,0,2.0,NORMAL
0,2,0,0,0,0.0,1,0.0,1,0,0,0,1,0,0,10,1,0,0,0,0,1,0,1.0,NORMAL
0,1,1,0,0,0.0,1,0.0,1,0,0,0,1,1,0,11,0,0,0,0,0,0,0,1.0,NORMAL
33,1,0,3,0,0.9705882352941176,24,1.375,17,1,1,0,1,0,0,4,3,1,1,1,1,1,1,0.7059,ATTACK
4,3,0,2,0,0.5714285714285714,2,2.0,2,0,1,0,1,1,0,19,0,0,0,0,0,1,1,0.4,NORMAL
1,2,0,1,0,0.3333333333333333,1,1.0,2,0,1,0,1,0,0,15,3,0,0,0,0,0,1,0.5,NORMAL
0,2,0,0,0,0.0,1,0.0,1,0,0,0,1,0,0,10,3,0,0,0,0,1,0,1.0,NORMAL
0,2,0,2,0,0.0,1,0.0,1,0,0,0,1,0,0,10,0,0,0,1,0,0,0,1.0,NORMAL
2,1,0,1,0,0.6666666666666666,2,1.0,2,0,1,0,1,0,0,18,0,0,0,0,0,0,1,0.6667,NORMAL
2,2,0,1,0,0.5,3,0.6666666666666666,1,0,0,0,1,0,0,16,4,0,0,1,0,0,1,1.0,NORMAL
1,3,0,0,0,0.25,3,0.3333333333333333,2,0,1,0,1,0,0,23,0,1,0,0,0,0,1,1.5,NORMAL
38,1,0,5,0,0.9743589743589743,1,38.0,1,1,0,0,1,0,0,13,4,0,0,0,1,1,1,0.0256,ATTACK
2,1,0,2,0,0.6666666666666666,3,0.6666666666666666,1,0,0,0,1,1,0,18,0,0,0,0,0,0,1,1.0,NORMAL
3,2,0,0,0,0.6,4,0.75,1,0,0,0,1,0,0,8,1,0,0,0,0,0,1,1.0,NORMAL
0,3,0,2,0,0.0,3,0.0,1,0,0,0,1,0,0,8,4,0,0,0,0,0,0,3.0,NORMAL
1,2,2,2,0,0.3333333333333333,2,0.5,1,0,0,1,1,1,0,16,5,0,1,1,1,0,1,1.0,ATTACK
1,1,0,1,0,0.5,3,0.3333333333333333,1,0,0,0,1,0,0,9,3,0,1,0,0,0,1,1.5,NORMAL
0,2,0,2,0,0.0,3,0.0,1,0,0,0,1,0,0,10,4,0,0,0,0,0,0,3.0,NORMAL
1,2,1,4,0,0.3333333333333333,1,1.0,1,1,0,1,1,1,0,2,6,1,0,1,1,1,1,0.5,ATTACK
0,1,0,0,0,0.0,1,0.0,2,0,1,0,1,1,0,7,0,0,0,1,0,0,0,1.0,NORMAL
0,1,0,1,0,0.0,2,0.0,1,0,0,0,1,0,0,15,4,0,0,1,0,0,0,2.0,NORMAL
56,0,0,5,1,1.0,1,56.0,1,0,0,0,1,0,0,12,5,0,0,1,0,1,0,0.0175,ATTACK
6,1,0,2,0,0.8571428571428571,4,1.5,2,0,1,0,1,0,0,11,0,0,0,1,0,0,1,0.5714,NORMAL
31,0,0,5,0,1.0,29,1.0689655172413792,13,1,1,0,1,0,0,5,1,1,1,1,1,1,0,0.9062,ATTACK
1,3,0,0,0,0.25,2,0.5,1,0,0,0,1,0,0,17,0,0,0,0,0,0,1,1.0,NORMAL
1,2,0,2,0,0.3333333333333333,2,0.5,1,0,0,0,1,1,0,13,2,0,0,0,0,0,1,1.0,NORMAL
4,1,1,2,0,0.8,4,1.0,1,0,0,1,1,0,0,16,1,0,0,0,0,0,1,0.8,NORMAL
0,1,0,2,0,0.0,3,0.0,1,0,0,0,1,0,0,10,0,0,0,0,0,0,0,3.0,NORMAL
2,2,0,0,0,0.5,1,2.0,2,0,1,0,1,1,0,8,2,0,0,0,0,0,1,0.3333,NORMAL
0,3,0,0,0,0.0,1,0.0,1,0,0,0,1,0,0,11,1,0,1,1,0,0,0,1.0,NORMAL
3,1,2,5,0,0.75,1,3.0,1,0,0,1,1,1,0,8,6,0,0,1,1,0,1,0.25,ATTACK
1,1,0,2,0,0.5,2,0.5,2,0,1,0,1,0,0,16,0,0,0,0,0,0,1,1.0,NORMAL
10,1,0,5,0,0.9090909090909091,17,0.5882352941176471,15,0,1,0,1,0,0,18,2,0,1,1,1,0,1,1.5455,ATTACK
32,1,0,4,0,0.9696969696969697,24,1.3333333333333333,19,0,1,0,1,0,0,21,3,0,0,0,1,1,1,0.7273,ATTACK
2,2,0,0,0,0.5,3,0.6666666666666666,1,0,0,0,1,0,0,16,0,0,0,0,0,0,1,1.0,NORMAL
2,3,0,2,0,0.4,1,2.0,1,0,0,0,1,0,0,7,3,0,0,0,0,0,1,0.3333,NORMAL
5,2,0,1,0,0.7142857142857143,4,1.25,2,0,1,0,1,0,0,14,2,0,0,0,0,0,1,0.6667,NORMAL
11,0,0,2,0,1.0,33,0.3333333333333333,14,1,1,0,1,0,0,13,6,0,1,1,0,1,0,2.75,ATTACK
1,1,0,1,0,0.5,3,0.3333333333333333,1,0,0,0,1,0,0,12,1,0,0,0,0,1,1,1.5,NORMAL
1,2,1,2,0,0.3333333333333333,3,0.3333333333333333,2,0,1,1,1,0,0,18,2,0,0,0,0,0,1,1.5,NORMAL
13,0,0,5,0,1.0,16,0.8125,17,1,1,0,1,0,0,6,6,0,1,0,0,1,0,1.1429,ATTACK
2,3,0,1,0,0.4,2,1.0,2,0,1,0,1,0,0,13,4,0,0,0,0,0,1,0.6667,NORMAL
1,1,0,0,0,0.5,2,0.5,1,0,0,0,1,0,0,10,0,0,0,0,0,0,1,1.0,NORMAL
2,2,2,4,1,0.5,1,2.0,1,1,0,1,1,1,0,14,2,0,0,1,1,0,1,0.3333,ATTACK
55,0,0,2,1,1.0,2,27.5,1,1,0,0,1,0,0,12,6,0,1,1,0,1,0,0.0357,ATTACK
2,3,0,2,0,0.4,1,2.0,1,0,0,0,1,0,0,10,3,0,0,0,0,0,1,0.3333,NORMAL
1,1,0,2,0,0.5,1,1.0,2,0,1,0,1,0,0,19,1,0,0,0,0,0,1,0.5,NORMAL
1,2,1,1,0,0.3333333333333333,2,0.5,2,0,1,1,1,0,0,5,4,1,0,1,0,1,1,1.0,NORMAL
0,2,0,1,0,0.0,1,0.0,2,0,1,0,1,0,0,9,2,0,0,1,0,0,0,1.0,NORMAL
4,3,1,2,0,0.5714285714285714,2,2.0,1,0,0,1,1,0,0,19,3,0,1,0,0,0,1,0.4,NORMAL
68,1,0,3,0,0.9855072463768116,2,34.0,2,1,1,0,1,0,0,13,1,0,0,0,1,1,1,0.029,ATTACK
0,3,0,1,0,0.0,3,0.0,2,0,1,0,1,0,0,15,3,0,0,0,0,0,0,3.0,NORMAL
0,2,0,1,0,0.0,2,0.0,1,0,0,0,1,0,0,7,3,0,0,0,0,0,0,2.0,NORMAL
1,1,0,0,0,0.5,2,0.5,1,0,0,0,1,0,0,7,3,0,0,0,1,0,1,1.0,NORMAL
21,1,0,2,0,0.9545454545454546,20,1.05,8,1,1,0,1,0,0,6,5,0,0,1,1,1,1,0.9091,ATTACK
1,1,0,1,0,0.5,2,0.5,2,0,1,0,1,0,0,11,2,0,0,0,0,0,1,1.0,NORMAL
1,3,0,1,0,0.25,1,1.0,2,0,1,0,1,0,0,11,1,0,0,0,0,0,1,0.5,NORMAL
